time_s,duty_permille,duty_ratio,encoder_count,delta_count,speed_ref_rad_s,speed_meas_rad_s,speed_error_rad_s,position_ref_rad,position_meas_rad,position_error_rad,sample_time_s,host_time_s
0,200,0.2,0,0,0,0,0,0,0,0,0.0999999999999996,1.0867926
0.1,-849,-0.849,9,9,-0.173,1.449,-1.622,0,0.144,-0.144,0.1,1.1858453
0.2,651,0.651,65492,-53,0.85,-8.538,9.388,0,-0.708,0.708,0.1,1.298575
0.3,-743,-0.743,65522,30,0.27,4.833,-4.563,0,-0.225,0.225,0.1,1.4124488
0.4,443,0.443,65483,-39,1.024,-6.283,7.307,0,-0.853,0.853,0.1,1.5250928
0.5,-491,-0.491,65500,17,0.695,2.738,-2.043,0,-0.579,0.579,0.1,1.625661
0.6,233,0.233,65475,-25,1.179,-4.027,5.206,0,-0.982,0.982,0.1,1.7385958
0.7,-392,-0.392,65483,8,1.024,1.288,-0.264,0,-0.853,0.853,0.1,1.8373405
0.8,132,0.132,65461,-22,1.449,-3.544,4.993,0,-1.208,1.208,0.1,1.884465
0.9,285,0.285,65460,-1,1.469,-0.161,1.63,0,-1.224,1.224,0.1,1.9852286
1,-300,-0.3,65474,14,1.198,2.255,-1.057,0,-0.998,0.998,0.1,2.0839971
1.1,178,0.178,65460,-14,1.469,-2.255,3.724,0,-1.224,1.224,0.0999999999999999,2.1931271
1.2,321,0.321,65461,1,1.449,0.161,1.288,0,-1.208,1.208,0.1,2.2952822
1.3,-454,-0.454,65478,17,1.121,2.738,-1.617,0,-0.934,0.934,0.1,2.3958808
1.4,252,0.252,65454,-24,1.585,-3.866,5.451,0,-1.321,1.321,0.0999999999999999,2.4937768
1.5,-308,-0.308,65463,9,1.411,1.449,-0.038,0,-1.176,1.176,0.1,2.5966444
1.6,107,0.107,65448,-15,1.701,-2.416,4.117,0,-1.417,1.417,0.0999999999999999,2.6962082
1.7,231,0.231,65450,2,1.662,0.322,1.34,0,-1.385,1.385,0.1,2.7935572
1.8,-31,-0.031,65461,11,1.449,1.772,-0.323,0,-1.208,1.208,0.1,2.893825
1.9,653,0.653,65460,-1,1.469,-0.161,1.63,0,-1.224,1.224,0.0999999999999999,2.9903325
2,-84,-0.084,65500,40,0.695,6.444,-5.749,0,-0.579,0.579,0.1,3.0975243
2.1,624,0.624,65502,2,0.657,0.322,0.335,0,-0.547,0.547,0.1,3.196424
2.2,-21,-0.021,4,38,0,6.122,-6.122,0,0.064,-0.064,0.1,3.2941259
2.3,-273,-0.273,10,6,-0.193,0.966,-1.159,0,0.161,-0.161,0.0999999999999996,3.3923245
2.4,468,0.468,65532,-14,0,-2.255,2.255,0,-0.064,0.064,0.1,3.4919502
2.5,-618,-0.618,22,26,-0.425,4.188,-4.613,0,0.354,-0.354,0.1,3.5923972
2.6,795,0.795,65525,-33,0.212,-5.316,5.528,0,-0.177,0.177,0.1,3.6922878
2.7,-912,-0.912,32,43,-0.618,6.927,-7.545,0,0.515,-0.515,0.1,3.7895971
2.8,1000,1,65520,-48,0.309,-7.733,8.042,0,-0.257,0.257,0.0999999999999996,3.890179
2.9,-1000,-1,36,52,-0.695,8.377,-9.072,0,0.579,-0.579,0.1,3.9870089
3,1000,1,65522,-50,0.27,-8.055,8.325,0,-0.225,0.225,0.1,4.086138
3.1,-1000,-1,36,50,-0.695,8.055,-8.75,0,0.579,-0.579,0.1,4.189056
3.2,1000,1,65521,-51,0.289,-8.216,8.505,0,-0.241,0.241,0.1,4.2841529
3.3,-1000,-1,36,51,-0.695,8.216,-8.911,0,0.579,-0.579,0.0999999999999996,4.3953972
3.4,1000,1,65521,-51,0.289,-8.216,8.505,0,-0.241,0.241,0.1,4.4914697
3.5,-1000,-1,36,51,-0.695,8.216,-8.911,0,0.579,-0.579,0.1,4.5862041
3.6,1000,1,65521,-51,0.289,-8.216,8.505,0,-0.241,0.241,0.1,4.6881509
3.7,-1000,-1,36,51,-0.695,8.216,-8.911,0,0.579,-0.579,0.1,4.7939704
3.8,1000,1,65521,-51,0.289,-8.216,8.505,0,-0.241,0.241,0.0999999999999996,4.8896216
3.9,-1000,-1,36,51,-0.695,8.216,-8.911,0,0.579,-0.579,0.1,4.9886208
4,1000,1,65521,-51,0.289,-8.216,8.505,0,-0.241,0.241,0.0999999999999996,5.094661
4.1,-1000,-1,36,51,-0.695,8.216,-8.911,0,0.579,-0.579,0.100000000000001,5.2011272
4.2,1000,1,65521,-51,0.289,-8.216,8.505,0,-0.241,0.241,0.0999999999999996,5.2981821
4.3,-1000,-1,36,51,-0.695,8.216,-8.911,0,0.579,-0.579,0.100000000000001,5.4015353
4.4,1000,1,65521,-51,0.289,-8.216,8.505,0,-0.241,0.241,0.0999999999999996,5.5034314
4.5,-1000,-1,36,51,-0.695,8.216,-8.911,0,0.579,-0.579,0.100000000000001,5.5995272
4.6,1000,1,65521,-51,0.289,-8.216,8.505,0,-0.241,0.241,0.0999999999999996,5.6977551
4.7,-1000,-1,36,51,-0.695,8.216,-8.911,0,0.579,-0.579,0.0999999999999996,5.7964843
4.8,1000,1,65521,-51,0.289,-8.216,8.505,0,-0.241,0.241,0.100000000000001,5.8974943
4.9,-1000,-1,36,51,-0.695,8.216,-8.911,0,0.579,-0.579,0.0999999999999996,5.9993152
5,1000,1,65522,-50,0.27,-8.055,8.325,0,-0.225,0.225,0.100000000000001,6.100562
5.1,-1000,-1,36,50,-0.695,8.055,-8.75,0,0.579,-0.579,0.0999999999999996,6.1984893
5.2,1000,1,65521,-51,0.289,-8.216,8.505,0,-0.241,0.241,0.0999999999999996,6.2969222
5.3,-1000,-1,36,51,-0.695,8.216,-8.911,0,0.579,-0.579,0.100000000000001,6.3942324
5.4,1000,1,65521,-51,0.289,-8.216,8.505,0,-0.241,0.241,0.0999999999999996,6.4927938
5.5,-1000,-1,36,51,-0.695,8.216,-8.911,0,0.579,-0.579,0.100000000000001,6.5948172
5.6,1000,1,65521,-51,0.289,-8.216,8.505,0,-0.241,0.241,0.0999999999999996,6.6925989
5.7,-1000,-1,36,51,-0.695,8.216,-8.911,0,0.579,-0.579,0.0999999999999996,6.7945556
5.8,1000,1,65521,-51,0.289,-8.216,8.505,0,-0.241,0.241,0.100000000000001,6.8880558
5.9,-1000,-1,36,51,-0.695,8.216,-8.911,0,0.579,-0.579,0.0999999999999996,6.9943439
6,1000,1,65521,-51,0.289,-8.216,8.505,0,-0.241,0.241,0.100000000000001,7.0908126
6.1,-1000,-1,36,51,-0.695,8.216,-8.911,0,0.579,-0.579,0.0999999999999996,7.1874502
6.2,1000,1,65521,-51,0.289,-8.216,8.505,0,-0.241,0.241,0.0999999999999996,7.2860593
6.3,-1000,-1,36,51,-0.695,8.216,-8.911,0,0.579,-0.579,0.100000000000001,7.3851864
6.4,1000,1,65521,-51,0.289,-8.216,8.505,0,-0.241,0.241,0.0999999999999996,7.495055
6.5,-1000,-1,36,51,-0.695,8.216,-8.911,0,0.579,-0.579,0.100000000000001,7.5911828
6.6,1000,1,65521,-51,0.289,-8.216,8.505,0,-0.241,0.241,0.0999999999999996,7.6944506
6.7,-1000,-1,36,51,-0.695,8.216,-8.911,0,0.579,-0.579,0.0999999999999996,7.7869558
6.8,1000,1,65521,-51,0.289,-8.216,8.505,0,-0.241,0.241,0.100000000000001,7.8902754
6.9,-1000,-1,36,51,-0.695,8.216,-8.911,0,0.579,-0.579,0.0999999999999996,7.9834057
7,1000,1,65521,-51,0.289,-8.216,8.505,0,-0.241,0.241,0.100000000000001,8.0856442
7.1,-1000,-1,36,51,-0.695,8.216,-8.911,0,0.579,-0.579,0.0999999999999996,8.181747
7.2,1000,1,65521,-51,0.289,-8.216,8.505,0,-0.241,0.241,0.0999999999999996,8.2957291
7.3,-1000,-1,36,51,-0.695,8.216,-8.911,0,0.579,-0.579,0.100000000000001,8.3903674
7.4,1000,1,65521,-51,0.289,-8.216,8.505,0,-0.241,0.241,0.0999999999999996,8.4852995
7.5,-1000,-1,36,51,-0.695,8.216,-8.911,0,0.579,-0.579,0.100000000000001,8.597555
7.6,1000,1,65521,-51,0.289,-8.216,8.505,0,-0.241,0.241,0.0999999999999996,8.6957842
7.7,-1000,-1,36,51,-0.695,8.216,-8.911,0,0.579,-0.579,0.0999999999999996,8.8134426
7.8,1000,1,65521,-51,0.289,-8.216,8.505,0,-0.241,0.241,0.100000000000001,8.910149
7.9,-1000,-1,36,51,-0.695,8.216,-8.911,0,0.579,-0.579,0.0999999999999996,9.0072461
8,1000,1,65521,-51,0.289,-8.216,8.505,0,-0.241,0.241,0.0999999999999996,9.1167009
8.1,-1000,-1,36,51,-0.695,8.216,-8.911,0,0.579,-0.579,0.0999999999999996,9.2194389
8.2,1000,1,65521,-51,0.289,-8.216,8.505,0,-0.241,0.241,0.100000000000001,9.3177428
8.3,-1000,-1,36,51,-0.695,8.216,-8.911,0,0.579,-0.579,0.0999999999999996,9.4177777
8.4,1000,1,65521,-51,0.289,-8.216,8.505,0,-0.241,0.241,0.0999999999999996,9.5162807
8.5,-1000,-1,36,51,-0.695,8.216,-8.911,0,0.579,-0.579,0.0999999999999996,9.6173333
8.6,1000,1,65521,-51,0.289,-8.216,8.505,0,-0.241,0.241,0.100000000000001,9.7243395
8.7,-1000,-1,36,51,-0.695,8.216,-8.911,0,0.579,-0.579,0.0999999999999996,9.8198602
8.8,1000,1,65521,-51,0.289,-8.216,8.505,0,-0.241,0.241,0.0999999999999996,9.91637
8.9,-1000,-1,36,51,-0.695,8.216,-8.911,0,0.579,-0.579,0.0999999999999996,10.0136194
9,1000,1,65521,-51,0.289,-8.216,8.505,0,-0.241,0.241,0.0999999999999996,10.1267792
9.1,-1000,-1,36,51,-0.695,8.216,-8.911,0,0.579,-0.579,0.100000000000001,10.2342929
9.2,1000,1,65521,-51,0.289,-8.216,8.505,0,-0.241,0.241,0.0999999999999996,10.3386072
9.3,-1000,-1,36,51,-0.695,8.216,-8.911,0,0.579,-0.579,0.0999999999999996,10.3853412
9.4,1000,1,65521,-51,0.289,-8.216,8.505,0,-0.241,0.241,0.0999999999999996,10.4842722
9.5,-1000,-1,36,51,-0.695,8.216,-8.911,0,0.579,-0.579,0.0999999999999996,10.581728
9.6,1000,1,65521,-51,0.289,-8.216,8.505,0,-0.241,0.241,0.100000000000001,10.690482
9.7,-1000,-1,36,51,-0.695,8.216,-8.911,0,0.579,-0.579,0.0999999999999996,10.783769
9.8,1000,1,65521,-51,0.289,-8.216,8.505,0,-0.241,0.241,0.0999999999999996,10.8930869
9.9,-1000,-1,36,51,-0.695,8.216,-8.911,0,0.579,-0.579,0.0999999999999996,10.9824165
10,1000,1,65521,-51,0.289,-8.216,8.505,0,-0.241,0.241,0.0999999999999996,11.0939053
10.1,-1000,-1,36,51,-0.695,8.216,-8.911,0,0.579,-0.579,0.100000000000001,11.1871085
10.2,1000,1,65521,-51,0.289,-8.216,8.505,0,-0.241,0.241,0.0999999999999996,11.2831593
10.3,-1000,-1,36,51,-0.695,8.216,-8.911,0,0.579,-0.579,0.0999999999999996,11.3937609
10.4,1000,1,65521,-51,0.289,-8.216,8.505,0,-0.241,0.241,0.0999999999999996,11.4867542
10.5,-1000,-1,36,51,-0.695,8.216,-8.911,0,0.579,-0.579,0.0999999999999996,11.5866716
10.6,1000,1,65521,-51,0.289,-8.216,8.505,0,-0.241,0.241,0.100000000000001,11.6869332
10.7,-1000,-1,36,51,-0.695,8.216,-8.911,0,0.579,-0.579,0.0999999999999996,11.7843581
10.8,1000,1,65521,-51,0.289,-8.216,8.505,0,-0.241,0.241,0.0999999999999996,11.8843028
10.9,-1000,-1,36,51,-0.695,8.216,-8.911,0,0.579,-0.579,0.0999999999999996,11.9864564
11,1000,1,65521,-51,0.289,-8.216,8.505,0,-0.241,0.241,0.0999999999999996,12.0873795
11.1,-1000,-1,36,51,-0.695,8.216,-8.911,0,0.579,-0.579,0.100000000000001,12.1809114
11.2,1000,1,65521,-51,0.289,-8.216,8.505,0,-0.241,0.241,0.0999999999999996,12.2896921
11.3,-1000,-1,36,51,-0.695,8.216,-8.911,0,0.579,-0.579,0.0999999999999996,12.3913623
11.4,1000,1,65521,-51,6.289,-8.216,14.505,5,-0.241,5.241,0.0999999999999996,12.4869438
11.5,-922,-0.922,36,51,5.304,8.216,-2.912,5,0.579,4.421,0.0999999999999996,12.5906712
11.6,729,0.729,65526,-46,6.193,-7.41,13.603,5,-0.161,5.161,0.100000000000001,12.6878918
11.7,-535,-0.535,23,33,5.555,5.316,0.239,5,0.37,4.63,0.0999999999999996,12.7811632
11.8,429,0.429,65535,-24,6.019,-3.866,9.885,5,-0.016,5.016,0.0999999999999996,12.8907443
11.9,476,0.476,18,19,5.652,3.061,2.591,5,0.289,4.711,0.0999999999999996,12.9845274
12,24,0.024,52,34,4.994,5.477,-0.483000000000001,5,0.837,4.163,0.0999999999999996,13.0949796
12.1,518,0.518,55,3,4.936,0.483,4.453,5,0.886,4.114,0.100000000000001,13.1895855
12.2,-189,-0.189,86,31,4.337,4.994,-0.657,5,1.385,3.615,0.0999999999999996,13.2861607
12.3,363,0.363,83,-3,4.395,-0.483,4.878,5,1.337,3.663,0.0999999999999996,13.4009289
12.4,262,0.262,102,19,4.028,3.061,0.967,5,1.643,3.357,0.0999999999999996,13.5136928
12.5,477,0.477,120,18,3.68,2.899,0.781,5,1.933,3.067,0.0999999999999996,13.620969
12.6,-365,-0.365,151,31,3.08,4.994,-1.914,5,2.432,2.568,0.100000000000001,13.717439
12.7,440,0.44,134,-17,3.409,-2.738,6.147,5,2.158,2.842,0.0999999999999996,13.8149472
12.8,-470,-0.47,157,23,2.964,3.705,-0.741,5,2.529,2.471,0.0999999999999996,13.9110239
12.9,1000,1,132,-25,15.448,-4.027,19.475,15,2.126,12.874,0.0999999999999996,14.0075041
13,1000,1,191,59,26.307,9.505,16.802,25,3.077,21.923,0.0999999999999996,14.1104489
13.1,772,0.772,272,81,24.741,13.049,11.692,25,4.382,20.618,0.100000000000001,14.2142207
13.2,904,0.904,337,65,23.484,10.471,13.013,25,5.429,19.571,0.0999999999999996,14.3175416
13.3,688,0.688,407,70,22.131,11.277,10.854,25,6.557,18.443,0.0999999999999996,14.4214861
13.4,788,0.788,464,57,21.029,9.183,11.846,25,7.475,17.525,0.0999999999999996,14.5301607
13.5,587,0.587,526,62,19.83,9.988,9.842,25,8.474,16.526,0.0999999999999996,14.6340303
13.6,720,0.72,574,48,18.902,7.733,11.169,25,9.247,15.753,0.100000000000001,14.7344855
13.7,519,0.519,628,54,17.858,8.699,9.159,25,10.117,14.883,0.0999999999999996,14.8354475
13.8,631,0.631,670,42,17.046,6.766,10.28,25,10.794,14.206,0.0999999999999996,14.9353017
13.9,478,0.478,716,46,16.157,7.41,8.747,25,11.535,13.465,0.0999999999999996,15.0406492
14,533,0.533,754,38,15.423,6.122,9.301,25,12.147,12.853,0.0999999999999996,15.0892568
14.1,460,0.46,792,38,14.688,6.122,8.566,25,12.759,12.241,0.100000000000001,15.1874048
14.2,458,0.458,826,34,14.031,5.477,8.554,25,13.307,11.693,0.0999999999999996,15.2911572
14.3,429,0.429,858,32,13.412,5.155,8.257,25,13.823,11.177,0.0999999999999996,15.3853553
14.4,367,0.367,890,32,12.793,5.155,7.638,25,14.338,10.662,0.0999999999999996,15.4901854
14.5,413,0.413,916,26,12.291,4.188,8.103,25,14.757,10.243,0.0999999999999996,15.5907576
14.6,327,0.327,944,28,11.749,4.511,7.238,25,15.208,9.792,0.100000000000001,15.6856768
14.7,381,0.381,966,22,11.324,3.544,7.78,25,15.562,9.438,0.0999999999999996,15.7928667
14.8,284,0.284,991,25,10.841,4.027,6.814,25,15.965,9.035,0.0999999999999996,15.8912366
14.9,344,0.344,1010,19,10.473,3.061,7.412,25,16.271,8.729,0.0999999999999996,15.9887306
15,272,0.272,1031,21,10.067,3.383,6.684,25,16.61,8.39,0.0999999999999996,16.0912477
15.1,303,0.303,1048,17,9.739,2.738,7.001,25,16.884,8.116,0.100000000000001,16.2153204
15.2,252,0.252,1066,18,9.391,2.899,6.492,25,17.174,7.826,0.0999999999999996,16.3217121
15.3,272,0.272,1081,15,9.101,2.416,6.685,25,17.415,7.585,0.0999999999999996,16.424309
15.4,243,0.243,1096,15,8.811,2.416,6.395,25,17.657,7.343,0.0999999999999996,16.5270175
15.5,232,0.232,1110,14,8.54,2.255,6.285,25,17.882,7.118,0.0999999999999996,16.6501971
15.6,241,0.241,1122,12,8.308,1.933,6.375,25,18.076,6.924,0.100000000000001,16.6836995
15.7,199,0.199,1135,13,8.057,2.094,5.963,25,18.285,6.715,0.0999999999999996,16.7939122
15.8,246,0.246,1144,9,7.883,1.449,6.434,25,18.43,6.57,0.0999999999999996,16.8879282
15.9,139,0.139,1158,14,7.612,2.255,5.357,25,18.656,6.344,0.0999999999999996,16.9824657
16,274,0.274,1163,5,7.515,0.805,6.71,25,18.736,6.264,0.0999999999999996,17.0906544
16.1,102,0.102,1177,14,7.245,2.255,4.99,25,18.962,6.038,0.0999999999999979,17.1850288
16.2,292,0.292,1179,2,7.206,0.322,6.884,25,18.994,6.006,0.100000000000001,17.2898179
16.3,89,0.089,1192,13,6.955,2.094,4.861,25,19.203,5.797,0.0999999999999979,17.3919335
16.4,226,0.226,1196,4,6.877,0.644,6.233,25,19.268,5.732,0.100000000000001,17.4944574
16.5,147,0.147,1204,8,6.723,1.288,5.435,25,19.397,5.603,0.100000000000001,17.5984994
16.6,203,0.203,1208,4,6.645,0.644,6.001,25,19.461,5.539,0.0999999999999979,17.7050391
16.7,123,0.123,1216,8,6.491,1.288,5.203,25,19.59,5.41,0.100000000000001,17.8041574
16.8,180,0.18,1220,4,6.413,0.644,5.769,25,19.655,5.345,0.0999999999999979,17.9018735
16.9,190,0.19,1223,3,6.355,0.483,5.872,25,19.703,5.297,0.100000000000001,18.001001
17,112,0.112,1230,7,6.22,1.127,5.093,25,19.816,5.184,0.100000000000001,18.1066812
17.1,225,0.225,1230,0,6.22,0,6.22,25,19.816,5.184,0.0999999999999979,18.2058432
17.2,81,0.081,1238,8,6.065,1.288,4.777,25,19.945,5.055,0.100000000000001,18.3043042
17.3,174,0.174,1240,2,6.027,0.322,5.705,25,19.977,5.023,0.100000000000001,18.404913
17.4,134,0.134,1244,4,5.949,0.644,5.305,25,20.041,4.959,0.0999999999999979,18.5034788
17.5,198,0.198,1244,0,5.949,0,5.949,25,20.041,4.959,0.100000000000001,18.6026038
17.6,180,0.18,1245,1,5.93,0.161,5.769,25,20.057,4.943,0.0999999999999979,18.6997391
17.7,196,0.196,1245,0,5.93,0,5.93,25,20.057,4.943,0.100000000000001,18.7958172
17.8,196,0.196,1245,0,5.93,0,5.93,25,20.057,4.943,0.100000000000001,18.8955576
17.9,196,0.196,1245,0,5.93,0,5.93,25,20.057,4.943,0.0999999999999979,19.0108314
18,196,0.196,1245,0,5.93,0,5.93,25,20.057,4.943,0.100000000000001,19.1112324
18.1,196,0.196,1245,0,5.93,0,5.93,25,20.057,4.943,0.0999999999999979,19.2094941
18.2,196,0.196,1245,0,5.93,0,5.93,25,20.057,4.943,0.100000000000001,19.3118485
18.3,196,0.196,1245,0,5.93,0,5.93,25,20.057,4.943,0.100000000000001,19.4115512
18.4,196,0.196,1245,0,5.93,0,5.93,25,20.057,4.943,0.0999999999999979,19.5091732
18.5,196,0.196,1245,0,5.93,0,5.93,25,20.057,4.943,0.100000000000001,19.6071052
18.6,196,0.196,1245,0,5.93,0,5.93,25,20.057,4.943,0.0999999999999979,19.7041123
18.7,178,0.178,1246,1,5.911,0.161,5.75,25,20.073,4.927,0.100000000000001,19.8013654
18.8,194,0.194,1246,0,5.911,0,5.911,25,20.073,4.927,0.100000000000001,19.9005005
18.9,176,0.176,1247,1,5.891,0.161,5.73,25,20.09,4.91,0.0999999999999979,19.9963377
19,66,0.066,1254,7,5.756,1.127,4.629,25,20.202,4.798,0.100000000000001,20.0948528
19.1,161,0.161,1255,1,5.737,0.161,5.576,25,20.218,4.782,0.0999999999999979,20.1927677
19.2,87,0.087,1260,5,5.64,0.805,4.835,25,20.299,4.701,0.100000000000001,20.2934657
19.3,167,0.167,1260,0,5.64,0,5.64,25,20.299,4.701,0.100000000000001,20.3908731
19.4,149,0.149,1261,1,5.621,0.161,5.46,25,20.315,4.685,0.0999999999999979,20.4920268
19.5,75,0.075,1266,5,5.524,0.805,4.719,25,20.396,4.604,0.100000000000001,20.593254
19.6,156,0.156,1266,0,5.524,0,5.524,25,20.396,4.604,0.0999999999999979,20.6939507
19.7,156,0.156,1266,0,5.524,0,5.524,25,20.396,4.604,0.100000000000001,20.7983135
19.8,156,0.156,1266,0,5.524,0,5.524,25,20.396,4.604,0.100000000000001,20.8948649
19.9,156,0.156,1266,0,5.524,0,5.524,25,20.396,4.604,0.0999999999999979,20.9939813
20,156,0.156,1266,0,5.524,0,5.524,25,20.396,4.604,0.100000000000001,21.0937238
20.1,156,0.156,1266,0,5.524,0,5.524,25,20.396,4.604,0.0999999999999979,21.1941664
20.2,156,0.156,1266,0,5.524,0,5.524,25,20.396,4.604,0.100000000000001,21.2947202
20.3,156,0.156,1266,0,5.524,0,5.524,25,20.396,4.604,0.100000000000001,21.3925263
20.4,-986,-0.986,1266,0,-0.475,0,-0.475,20,20.396,-0.396000000000001,0.0999999999999979,21.493834
20.5,568,0.568,1202,-64,0.761,-10.31,11.071,20,19.365,0.635000000000002,0.100000000000001,21.5925812
20.6,-859,-0.859,1224,22,0.336,3.544,-3.208,20,19.719,0.280999999999999,0.0999999999999979,21.6914676
20.7,360,0.36,1176,-48,1.264,-7.733,8.997,20,18.946,1.054,0.100000000000001,21.7922539
20.8,-754,-0.754,1186,10,1.071,1.611,-0.54,20,19.107,0.893000000000001,0.100000000000001,21.8914094
20.9,236,0.236,1140,-46,1.96,-7.41,9.37,20,18.366,1.634,0.0999999999999979,21.9868411
21,-61,-0.061,1142,2,1.921,0.322,1.599,20,18.398,1.602,0.100000000000001,22.0833301
21.1,619,0.619,1141,-1,1.941,-0.161,2.102,20,18.382,1.618,0.0999999999999979,22.1949126
21.2,-81,-0.081,1179,38,1.206,6.122,-4.916,20,18.994,1.006,0.100000000000001,22.3144929
21.3,603,0.603,1183,4,1.129,0.644,0.485,20,19.058,0.942,0.100000000000001,22.4579697
21.4,0,0,1220,37,0.413,5.96,-5.547,20,19.655,0.344999999999999,0.0999999999999979,22.4788082
21.5,-540,-0.54,1237,17,0,2.738,-2.738,20,19.928,0.0719999999999992,0.100000000000001,22.5806996
21.6,337,0.337,1204,-33,0.723,-5.316,6.039,20,19.397,0.603000000000002,0.0999999999999979,22.6927949
21.7,-987,-0.987,1218,14,0.452,2.255,-1.803,20,19.622,0.378,0.100000000000001,22.7822649
21.8,320,0.32,1158,-60,1.612,-9.666,11.278,20,18.656,1.344,0.100000000000001,22.8802513
21.9,-595,-0.595,1164,6,1.496,0.966,0.53,20,18.752,1.248,0.0999999999999979,22.9830153
22,114,0.114,1130,-34,2.153,-5.477,7.63,20,18.205,1.795,0.100000000000001,23.0813796
22.1,357,0.357,1128,-2,2.192,-0.322,2.514,20,18.172,1.828,0.0999999999999979,23.1854035
22.2,-316,-0.316,1146,18,1.844,2.899,-1.055,20,18.462,1.538,0.100000000000001,23.2982292
22.3,226,0.226,1132,-14,2.115,-2.255,4.37,20,18.237,1.763,0.100000000000001,23.4001447
22.4,57,0.057,1140,8,1.96,1.288,0.672,20,18.366,1.634,0.0999999999999979,23.4902998
22.5,702,0.702,1141,1,1.941,0.161,1.78,20,18.382,1.618,0.100000000000001,23.5883115
22.6,-57,-0.057,1184,43,1.109,6.927,-5.818,20,19.075,0.925000000000001,0.0999999999999979,23.6873744
22.7,535,0.535,1190,6,0.993,0.966,0.027,20,19.171,0.829000000000001,0.100000000000001,23.7887453
22.8,54,0.054,1222,32,0.375,5.155,-4.78,20,19.687,0.312999999999999,0.100000000000001,23.9002621
22.9,177,0.177,1229,7,0.239,1.127,-0.888,20,19.8,0.199999999999999,0.0999999999999979,23.9928567
23,290,0.29,1230,1,0.22,0.161,0.059,20,19.816,0.184000000000001,0.100000000000001,24.0836099
23.1,-682,-0.682,1245,15,0,2.416,-2.416,20,20.057,-0.0569999999999986,0.0999999999999979,24.1931694
23.2,328,0.328,1202,-43,0.761,-6.927,7.688,20,19.365,0.635000000000002,0.100000000000001,24.2837702
23.3,-929,-0.929,1213,11,0.549,1.772,-1.223,20,19.542,0.457999999999998,0.100000000000001,24.4162911
23.4,275,0.275,1156,-57,1.651,-9.183,10.834,20,18.624,1.376,0.0999999999999979,24.4803794
23.5,-435,-0.435,1160,4,1.573,0.644,0.929,20,18.688,1.312,0.100000000000001,24.5828445
23.6,61,0.061,1136,-24,2.037,-3.866,5.903,20,18.301,1.699,0.0999999999999979,24.6973177
23.7,503,0.503,1133,-3,2.095,-0.483,2.578,20,18.253,1.747,0.100000000000001,24.792871
23.8,-68,-0.068,1162,29,1.535,4.672,-3.137,20,18.72,1.28,0.100000000000001,24.991416
23.9,570,0.57,1166,4,1.457,0.644,0.813,20,18.785,1.215,0.0999999999999979,24.9918227
24,21,0.021,1200,34,0.8,5.477,-4.677,20,19.332,0.667999999999999,0.100000000000001,25.1251044
24.1,376,0.376,1206,6,0.684,0.966,-0.282,20,19.429,0.571000000000002,0.0999999999999979,25.2882313
24.2,-837,-0.837,1227,21,0.278,3.383,-3.105,20,19.767,0.233000000000001,0.100000000000001,25.2898661
24.3,421,0.421,1176,-51,1.264,-8.216,9.48,20,18.946,1.054,0.100000000000001,25.4322569
24.4,-653,-0.653,1190,14,0.993,2.255,-1.262,20,19.171,0.829000000000001,0.0999999999999979,25.5992453
24.5,258,0.258,1152,-38,1.728,-6.122,7.85,20,18.559,1.441,0.100000000000001,25.5996526
24.6,-268,-0.268,1158,6,1.612,0.966,0.646,20,18.656,1.344,0.0999999999999979,25.7806043
24.7,26,0.026,1147,-11,1.825,-1.772,3.597,20,18.479,1.521,0.100000000000001,25.7810771
24.8,469,0.469,1146,-1,1.844,-0.161,2.005,20,18.462,1.538,0.100000000000001,25.9572283
24.9,-52,-0.052,1174,28,1.303,4.511,-3.208,20,18.914,1.086,0.0999999999999979,25.9781065
25,573,0.573,1177,3,1.245,0.483,0.762,20,18.962,1.038,0.100000000000001,26.133032
25.1,8,0.008,1211,34,0.587,5.477,-4.89,20,19.51,0.489999999999998,0.0999999999999979,26.3148659
25.2,371,0.371,1216,5,0.491,0.805,-0.314,20,19.59,0.41,0.100000000000001,26.3154108
25.3,-886,-0.886,1236,20,0,3.222,-3.222,20,19.912,0.088000000000001,0.100000000000001,26.4311775
25.4,402,0.402,1183,-53,1.129,-8.538,9.667,20,19.058,0.942,0.0999999999999979,26.5610953
25.5,-906,-0.906,1194,11,0.916,1.772,-0.856,20,19.236,0.763999999999999,0.100000000000001,26.5924925
25.6,209,0.209,1142,-52,1.921,-8.377,10.298,20,18.398,1.602,0.0999999999999979,26.6833481
25.7,-123,-0.123,1143,1,1.902,0.161,1.741,20,18.414,1.586,0.100000000000001,26.7919278
25.8,751,0.751,1139,-4,1.979,-0.644,2.623,20,18.35,1.65,0.100000000000001,26.8968527
25.9,-160,-0.16,1186,47,1.071,7.572,-6.501,20,19.107,0.893000000000001,0.0999999999999979,27.0093355
26,773,0.773,1188,2,1.032,0.322,0.71,20,19.139,0.861000000000001,0.100000000000001,27.1259538
26.1,-71,-0.071,1236,48,0,7.733,-7.733,20,19.912,0.088000000000001,0.0999999999999979,27.2396523
26.2,315,0.315,1242,6,0,0.966,-0.966,20,20.009,-0.00900000000000034,0.100000000000001,27.2830702
26.3,-277,-0.277,1258,16,-0.32,2.577,-2.897,20,20.267,-0.266999999999999,0.100000000000001,27.3928937
26.4,605,0.605,1246,-12,0,-1.933,1.933,20,20.073,-0.0730000000000004,0.0999999999999979,27.4915686
26.5,-646,-0.646,1282,36,-0.784,5.799,-6.583,20,20.653,-0.652999999999999,0.100000000000001,27.611428
26.6,511,0.511,1250,-32,-0.166,-5.155,4.989,20,20.138,-0.138000000000002,0.0999999999999979,27.7166497
26.7,-419,-0.419,1273,23,-0.61,3.705,-4.315,20,20.508,-0.507999999999999,0.100000000000001,27.852398
26.8,276,0.276,1255,-18,-0.262,-2.899,2.637,20,20.218,-0.218,0.100000000000001,27.8826271
26.9,-886,-0.886,1266,11,-0.475,1.772,-2.247,20,20.396,-0.396000000000001,0.0999999999999979,27.9833253
27,682,0.682,1211,-55,0.587,-8.86,9.447,20,19.51,0.489999999999998,0.100000000000001,28.0967871
27.1,-761,-0.761,1242,31,0,4.994,-4.994,20,20.009,-0.00900000000000034,0.0999999999999979,28.2131793
27.2,476,0.476,1201,-41,0.781,-6.605,7.386,20,19.348,0.652000000000001,0.100000000000001,28.3243859
27.3,-544,-0.544,1221,20,0.394,3.222,-2.828,20,19.671,0.329000000000001,0.100000000000001,28.4323834
27.4,300,0.3,1192,-29,0.955,-4.672,5.627,20,19.203,0.797000000000001,0.0999999999999979,28.542408
27.5,-673,-0.673,1203,11,0.742,1.772,-1.03,20,19.381,0.619,0.100000000000001,28.5825837
27.6,207,0.207,1164,-39,1.496,-6.283,7.779,20,18.752,1.248,0.0999999999999979,28.6855946
27.7,-188,-0.188,1167,3,1.438,0.483,0.955,20,18.801,1.199,0.100000000000001,28.7874967
27.8,796,0.796,1160,-7,1.573,-1.127,2.7,20,18.688,1.312,0.100000000000001,28.8838688
27.9,-218,-0.218,1210,50,0.607,8.055,-7.448,20,19.493,0.507000000000001,0.0999999999999979,28.9897774
28,913,0.913,1208,-2,0.645,-0.322,0.967,20,19.461,0.539000000000001,0.100000000000001,29.1123222
28.1,-529,-0.529,1264,56,-0.436,9.022,-9.458,20,20.363,-0.363,0.0999999999999979,29.230433
28.2,1000,1,1244,-20,0,-3.222,3.222,20,20.041,-0.0410000000000004,0.100000000000001,29.3419705
28.3,-634,-0.634,1302,58,-1.171,9.344,-10.515,20,20.976,-0.975999999999999,0.100000000000001,29.3909005
28.4,768,0.768,1276,-26,-0.668,-4.188,3.52,20,20.557,-0.556999999999999,0.0999999999999979,29.482684
28.5,-372,-0.372,1316,40,-1.442,6.444,-7.886,20,21.201,-1.201,0.100000000000001,29.5830798
28.6,705,0.705,1304,-12,-1.21,-1.933,0.723,20,21.008,-1.008,0.0999999999999979,29.6861136
28.7,-227,-0.227,1345,41,-2.002,6.605,-8.607,20,21.668,-1.668,0.100000000000001,29.7943728
28.8,-23,-0.023,1343,-2,-1.964,-0.322,-1.642,20,21.636,-1.636,0.100000000000001,29.9055638
28.9,-572,-0.572,1342,-1,-1.944,-0.161,-1.783,20,21.62,-1.62,0.0999999999999979,30.0174431
