time_s,duty_permille,duty_ratio,encoder_count,delta_count,speed_ref,speed_meas,speed_error,sample_time_s,host_time_s
0,200,0.2,0,0,0,0,0,0.100000000000001,0.5677815
0.1,154,0.154,7,7,0,1.127,-1.127,0.1,0.6752627
0.2,146,0.146,10,3,0,0.483,-0.483,0.1,0.7696823
0.3,151,0.151,10,0,0,0,0,0.1,0.8781984
0.4,151,0.151,10,0,0,0,0,0.1,0.9734086
0.5,151,0.151,10,0,0,0,0,0.1,1.0677811
0.6,151,0.151,10,0,0,0,0,0.1,1.1784447
0.7,151,0.151,10,0,0,0,0,0.1,1.2713528
0.8,151,0.151,10,0,0,0,0,0.1,1.3656684
0.9,151,0.151,10,0,0,0,0,0.1,1.4770568
1,151,0.151,10,0,0,0,0,0.1,1.5722287
1.1,151,0.151,10,0,0,0,0,0.0999999999999999,1.6678866
1.2,151,0.151,10,0,0,0,0,0.1,1.7787437
1.3,151,0.151,10,0,0,0,0,0.1,1.8711486
1.4,151,0.151,10,0,0,0,0,0.0999999999999999,1.9655967
1.5,151,0.151,10,0,0,0,0,0.1,2.0775908
1.6,151,0.151,10,0,0,0,0,0.0999999999999999,2.1728552
1.7,151,0.151,10,0,0,0,0,0.1,2.2683347
1.8,151,0.151,10,0,0,0,0,0.1,2.3771425
1.9,151,0.151,10,0,0,0,0,0.0999999999999999,2.4729355
2,151,0.151,10,0,0,0,0,0.1,2.5673816
2.1,151,0.151,10,0,0,0,0,0.1,2.6772331
2.2,151,0.151,10,0,0,0,0,0.1,2.7728123
2.3,151,0.151,10,0,0,0,0,0.0999999999999996,2.8672201
2.4,151,0.151,10,0,0,0,0,0.1,2.9785224
2.5,151,0.151,10,0,0,0,0,0.1,3.073385
2.6,151,0.151,10,0,0,0,0,0.1,3.1688194
2.7,151,0.151,10,0,0,0,0,0.1,3.2645199
2.8,151,0.151,10,0,0,0,0,0.0999999999999996,3.3731926
2.9,151,0.151,10,0,0,0,0,0.1,3.4673281
3,151,0.151,10,0,0,0,0,0.1,3.5749801
3.1,151,0.151,10,0,0,0,0,0.1,3.6703519
3.2,151,0.151,10,0,0,0,0,0.1,3.7651891
3.3,151,0.151,10,0,0,0,0,0.0999999999999996,3.8750165
3.4,151,0.151,10,0,0,0,0,0.1,3.9690798
3.5,151,0.151,10,0,0,0,0,0.1,4.0641032
3.6,151,0.151,10,0,0,0,0,0.1,4.1747111
3.7,151,0.151,10,0,0,0,0,0.1,4.266514
3.8,151,0.151,10,0,0,0,0,0.0999999999999996,4.3786165
3.9,351,0.351,10,0,5,0,5,0.1,4.4726087
4,385,0.385,28,18,5,2.899,2.101,0.0999999999999996,4.5671006
4.1,397,0.397,54,26,5,4.188,0.812,0.100000000000001,4.6764525
4.2,415,0.415,81,27,5,4.349,0.651,0.0999999999999996,4.7715767
4.3,415,0.415,111,30,5,4.833,0.167,0.100000000000001,4.8671667
4.4,426,0.426,140,29,5,4.672,0.328,0.0999999999999996,4.9772868
4.5,430,0.43,170,30,5,4.833,0.167,0.100000000000001,5.071836
4.6,422,0.422,202,32,5,5.155,-0.155,0.0999999999999996,5.1783313
4.7,430,0.43,232,30,5,4.833,0.167,0.0999999999999996,5.2728911
4.8,435,0.435,262,30,5,4.833,0.167,0.100000000000001,5.3669363
4.9,427,0.427,294,32,5,5.155,-0.155,0.0999999999999996,5.4768739
5,422,0.422,326,32,5,5.155,-0.155,0.100000000000001,5.5712704
5.1,431,0.431,356,30,5,4.833,0.167,0.0999999999999996,5.6662996
5.2,429,0.429,387,31,5,4.994,0.00600000000000023,0.0999999999999996,5.7768468
5.3,429,0.429,418,31,5,4.994,0.00600000000000023,0.100000000000001,5.8714097
5.4,436,0.436,448,30,5,4.833,0.167,0.0999999999999996,5.9658922
5.5,428,0.428,480,32,5,5.155,-0.155,0.100000000000001,6.0775985
5.6,430,0.43,511,31,5,4.994,0.00600000000000023,0.0999999999999996,6.1730498
5.7,430,0.43,542,31,5,4.994,0.00600000000000023,0.0999999999999996,6.2697891
5.8,430,0.43,573,31,5,4.994,0.00600000000000023,0.100000000000001,6.3649916
5.9,430,0.43,604,31,5,4.994,0.00600000000000023,0.0999999999999996,6.4747802
6,437,0.437,634,30,5,4.833,0.167,0.100000000000001,6.5701594
6.1,423,0.423,667,33,5,5.316,-0.316,0.0999999999999996,6.6653931
6.2,426,0.426,698,31,5,4.994,0.00600000000000023,0.0999999999999996,6.7748161
6.3,433,0.433,728,30,5,4.833,0.167,0.100000000000001,6.8695198
6.4,425,0.425,760,32,5,5.155,-0.155,0.0999999999999996,6.9800542
6.5,426,0.426,791,31,5,4.994,0.00600000000000023,0.100000000000001,7.0754475
6.6,433,0.433,821,30,5,4.833,0.167,0.0999999999999996,7.1700855
6.7,432,0.432,852,31,5,4.994,0.00600000000000023,0.0999999999999996,7.2687382
6.8,632,0.632,883,31,10,4.994,5.006,0.100000000000001,7.3754607
6.9,685,0.685,929,46,10,7.41,2.59,0.0999999999999996,7.4700402
7,718,0.718,982,53,10,8.538,1.462,0.100000000000001,7.5655916
7.1,742,0.742,1038,56,10,9.022,0.978,0.0999999999999996,7.6758262
7.2,752,0.752,1097,59,10,9.505,0.494999999999999,0.0999999999999996,7.7692507
7.3,761,0.761,1157,60,10,9.666,0.334,0.100000000000001,7.8785612
7.4,764,0.764,1218,61,10,9.827,0.173,0.0999999999999996,7.9712907
7.5,770,0.77,1279,61,10,9.827,0.173,0.100000000000001,8.0667794
7.6,775,0.775,1340,61,10,9.827,0.173,0.0999999999999996,8.1781578
7.7,773,0.773,1402,62,10,9.988,0.0120000000000005,0.0999999999999996,8.2732623
7.8,774,0.774,1464,62,10,9.988,0.0120000000000005,0.100000000000001,8.3687902
7.9,768,0.768,1527,63,10,10.149,-0.148999999999999,0.0999999999999996,8.4793374
8,776,0.776,1588,61,10,9.827,0.173,0.0999999999999996,8.5739959
8.1,775,0.775,1650,62,10,9.988,0.0120000000000005,0.0999999999999996,8.6665615
8.2,775,0.775,1712,62,10,9.988,0.0120000000000005,0.100000000000001,8.7766064
8.3,769,0.769,1775,63,10,10.149,-0.148999999999999,0.0999999999999996,8.8707022
8.4,777,0.777,1836,61,10,9.827,0.173,0.0999999999999996,8.9797924
8.5,770,0.77,1899,63,10,10.149,-0.148999999999999,0.0999999999999996,9.0742991
8.6,778,0.778,1960,61,10,9.827,0.173,0.100000000000001,9.1683414
8.7,770,0.77,2023,63,10,10.149,-0.148999999999999,0.0999999999999996,9.2788113
8.8,779,0.779,2084,61,10,9.827,0.173,0.0999999999999996,9.3731975
8.9,771,0.771,2147,63,10,10.149,-0.148999999999999,0.0999999999999996,9.4672395
9,773,0.773,2209,62,10,9.988,0.0120000000000005,0.0999999999999996,9.5757216
9.1,773,0.773,2271,62,10,9.988,0.0120000000000005,0.100000000000001,9.6705566
9.2,774,0.774,2333,62,10,9.988,0.0120000000000005,0.0999999999999996,9.7651539
9.3,774,0.774,2395,62,10,9.988,0.0120000000000005,0.0999999999999996,9.8757559
9.4,774,0.774,2457,62,10,9.988,0.0120000000000005,0.0999999999999996,9.9713775
9.5,775,0.775,2519,62,10,9.988,0.0120000000000005,0.0999999999999996,10.0648182
9.6,775,0.775,2581,62,10,9.988,0.0120000000000005,0.100000000000001,10.1751613
9.7,775,0.775,2643,62,10,9.988,0.0120000000000005,0.0999999999999996,10.2702332
9.8,769,0.769,2706,63,10,10.149,-0.148999999999999,0.0999999999999996,10.3658497
9.9,771,0.771,2768,62,10,9.988,0.0120000000000005,0.0999999999999996,10.4748123
10,772,0.772,2830,62,10,9.988,0.0120000000000005,0.0999999999999996,10.5714387
10.1,778,0.778,2891,61,10,9.827,0.173,0.100000000000001,10.6647353
10.2,777,0.777,2953,62,10,9.988,0.0120000000000005,0.0999999999999996,10.7764873
10.3,771,0.771,3016,63,10,10.149,-0.148999999999999,0.0999999999999996,10.8693005
10.4,773,0.773,3078,62,10,9.988,0.0120000000000005,0.0999999999999996,10.964397
10.5,773,0.773,3140,62,10,9.988,0.0120000000000005,0.0999999999999996,11.0720757
10.6,774,0.774,3202,62,10,9.988,0.0120000000000005,0.100000000000001,11.166662
10.7,774,0.774,3264,62,10,9.988,0.0120000000000005,0.0999999999999996,11.2768183
10.8,974,0.974,3326,62,15,9.988,5.012,0.0999999999999996,11.3711167
10.9,952,0.952,3402,76,15,12.244,2.756,0.0999999999999996,11.466235
11,949,0.949,3480,78,15,12.566,2.434,0.0999999999999996,11.5771782
11.1,949,0.949,3558,78,15,12.566,2.434,0.100000000000001,11.6701863
11.2,949,0.949,3636,78,15,12.566,2.434,0.0999999999999996,11.7787653
11.3,949,0.949,3714,78,15,12.566,2.434,0.0999999999999996,11.8738185
11.4,949,0.949,3792,78,15,12.566,2.434,0.0999999999999996,11.969439
11.5,949,0.949,3870,78,15,12.566,2.434,0.0999999999999996,12.0788604
11.6,950,0.95,3947,77,15,12.405,2.595,0.100000000000001,12.175382
11.7,947,0.947,4026,79,15,12.727,2.273,0.0999999999999996,12.2698243
11.8,950,0.95,4103,77,15,12.405,2.595,0.0999999999999996,12.3641687
11.9,949,0.949,4181,78,15,12.566,2.434,0.0999999999999996,12.4767944
12,950,0.95,4258,77,15,12.405,2.595,0.0999999999999996,12.5714282
12.1,949,0.949,4336,78,15,12.566,2.434,0.100000000000001,12.6780212
12.2,949,0.949,4414,78,15,12.566,2.434,0.0999999999999996,12.7735957
12.3,947,0.947,4493,79,15,12.727,2.273,0.0999999999999996,12.8662748
12.4,950,0.95,4570,77,15,12.405,2.595,0.0999999999999996,12.9741719
12.5,949,0.949,4648,78,15,12.566,2.434,0.0999999999999996,13.0688345
12.6,949,0.949,4726,78,15,12.566,2.434,0.100000000000001,13.1781587
12.7,949,0.949,4804,78,15,12.566,2.434,0.0999999999999996,13.2741879
12.8,949,0.949,4882,78,15,12.566,2.434,0.0999999999999996,13.3700371
12.9,949,0.949,4960,78,15,12.566,2.434,0.0999999999999996,13.4787038
13,949,0.949,5038,78,15,12.566,2.434,0.0999999999999996,13.5728458
13.1,949,0.949,5116,78,15,12.566,2.434,0.100000000000001,13.6684408
13.2,950,0.95,5193,77,15,12.405,2.595,0.0999999999999996,13.7635105
13.3,947,0.947,5272,79,15,12.727,2.273,0.0999999999999996,13.8718582
13.4,950,0.95,5349,77,15,12.405,2.595,0.0999999999999996,13.9669278
13.5,949,0.949,5427,78,15,12.566,2.434,0.0999999999999996,14.0783718
13.6,949,0.949,5505,78,15,12.566,2.434,0.100000000000001,14.1728541
13.7,949,0.949,5583,78,15,12.566,2.434,0.0999999999999996,14.268381
13.8,949,0.949,5661,78,15,12.566,2.434,0.0999999999999996,14.3764361
13.9,949,0.949,5739,78,15,12.566,2.434,0.0999999999999996,14.4717829
14,949,0.949,5817,78,15,12.566,2.434,0.0999999999999996,14.5653263
14.1,949,0.949,5895,78,15,12.566,2.434,0.100000000000001,14.6758681
14.2,949,0.949,5973,78,15,12.566,2.434,0.0999999999999996,14.7682828
14.3,949,0.949,6051,78,15,12.566,2.434,0.0999999999999996,14.8770906
14.4,949,0.949,6129,78,15,12.566,2.434,0.0999999999999996,14.9717944
14.5,949,0.949,6207,78,15,12.566,2.434,0.0999999999999996,15.0662652
14.6,950,0.95,6284,77,15,12.405,2.595,0.100000000000001,15.1757574
14.7,947,0.947,6363,79,15,12.727,2.273,0.0999999999999996,15.2661187
14.8,950,0.95,6440,77,15,12.405,2.595,0.0999999999999996,15.3762469
14.9,947,0.947,6519,79,15,12.727,2.273,0.0999999999999996,15.4706502
15,950,0.95,6596,77,15,12.405,2.595,0.0999999999999996,15.5656375
15.1,949,0.949,6674,78,15,12.566,2.434,0.100000000000001,15.6738435
15.2,949,0.949,6752,78,15,12.566,2.434,0.0999999999999996,15.767218
15.3,949,0.949,6830,78,15,12.566,2.434,0.0999999999999996,15.8754905
15.4,949,0.949,6908,78,15,12.566,2.434,0.0999999999999996,15.9686905
15.5,949,0.949,6986,78,15,12.566,2.434,0.0999999999999996,16.0633525
15.6,949,0.949,7064,78,15,12.566,2.434,0.100000000000001,16.1729681
15.7,949,0.949,7142,78,15,12.566,2.434,0.0999999999999996,16.2671235
15.8,949,0.949,7220,78,15,12.566,2.434,0.0999999999999996,16.3772902
15.9,949,0.949,7298,78,15,12.566,2.434,0.0999999999999996,16.4726995
16,949,0.949,7376,78,15,12.566,2.434,0.0999999999999996,16.5657323
16.1,949,0.949,7454,78,15,12.566,2.434,0.0999999999999979,16.6778556
16.2,949,0.949,7532,78,15,12.566,2.434,0.100000000000001,16.7721086
16.3,949,0.949,7610,78,15,12.566,2.434,0.0999999999999979,16.864711
16.4,949,0.949,7688,78,15,12.566,2.434,0.100000000000001,16.9770903
16.5,949,0.949,7766,78,15,12.566,2.434,0.100000000000001,17.0711488
16.6,949,0.949,7844,78,15,12.566,2.434,0.0999999999999979,17.1668265
16.7,949,0.949,7922,78,15,12.566,2.434,0.100000000000001,17.2777682
16.8,949,0.949,8000,78,15,12.566,2.434,0.0999999999999979,17.3723255
16.9,949,0.949,8078,78,15,12.566,2.434,0.100000000000001,17.4669108
17,949,0.949,8156,78,15,12.566,2.434,0.100000000000001,17.5778419
17.1,949,0.949,8234,78,15,12.566,2.434,0.0999999999999979,17.6734033
17.2,949,0.949,8312,78,15,12.566,2.434,0.100000000000001,17.7681474
17.3,949,0.949,8390,78,15,12.566,2.434,0.100000000000001,17.8757726
17.4,949,0.949,8468,78,15,12.566,2.434,0.0999999999999979,17.9693438
17.5,949,0.949,8546,78,15,12.566,2.434,0.100000000000001,18.0638634
17.6,949,0.949,8624,78,15,12.566,2.434,0.0999999999999979,18.1745433
17.7,949,0.949,8702,78,15,12.566,2.434,0.100000000000001,18.268971
17.8,949,0.949,8780,78,15,12.566,2.434,0.100000000000001,18.3778208
17.9,949,0.949,8858,78,15,12.566,2.434,0.0999999999999979,18.4710632
18,949,0.949,8936,78,15,12.566,2.434,0.100000000000001,18.5651959
18.1,949,0.949,9014,78,15,12.566,2.434,0.0999999999999979,18.6744017
18.2,949,0.949,9092,78,15,12.566,2.434,0.100000000000001,18.7682972
18.3,822,0.822,9170,78,10,12.566,-2.566,0.100000000000001,18.8780902
18.4,803,0.803,9239,69,10,11.116,-1.116,0.0999999999999979,18.9716986
18.5,795,0.795,9304,65,10,10.471,-0.471,0.100000000000001,19.0663854
18.6,781,0.781,9369,65,10,10.471,-0.471,0.0999999999999979,19.1758964
18.7,779,0.779,9432,63,10,10.149,-0.148999999999999,0.100000000000001,19.2675532
18.8,781,0.781,9494,62,10,9.988,0.0120000000000005,0.100000000000001,19.3629454
18.9,769,0.769,9558,64,10,10.31,-0.31,0.0999999999999979,19.4708564
19,772,0.772,9620,62,10,9.988,0.0120000000000005,0.100000000000001,19.5644507
19.1,773,0.773,9682,62,10,9.988,0.0120000000000005,0.0999999999999979,19.6763222
19.2,773,0.773,9744,62,10,9.988,0.0120000000000005,0.100000000000001,19.7678068
19.3,773,0.773,9806,62,10,9.988,0.0120000000000005,0.100000000000001,19.8779173
19.4,774,0.774,9868,62,10,9.988,0.0120000000000005,0.0999999999999979,19.9715258
19.5,768,0.768,9931,63,10,10.149,-0.148999999999999,0.100000000000001,20.064932
19.6,776,0.776,9992,61,10,9.827,0.173,0.0999999999999979,20.1737922
19.7,768,0.768,10055,63,10,10.149,-0.148999999999999,0.100000000000001,20.2680507
19.8,770,0.77,10117,62,10,9.988,0.0120000000000005,0.100000000000001,20.3624921
19.9,764,0.764,10180,63,10,10.149,-0.148999999999999,0.0999999999999979,20.4714594
20,779,0.779,10240,60,10,9.666,0.334,0.100000000000001,20.5632582
20.1,770,0.77,10303,63,10,10.149,-0.148999999999999,0.0999999999999979,20.6723869
20.2,772,0.772,10365,62,10,9.988,0.0120000000000005,0.100000000000001,20.7667371
20.3,772,0.772,10427,62,10,9.988,0.0120000000000005,0.100000000000001,20.8759179
20.4,772,0.772,10489,62,10,9.988,0.0120000000000005,0.0999999999999979,20.9703894
20.5,766,0.766,10552,63,10,10.149,-0.148999999999999,0.100000000000001,21.0628276
20.6,768,0.768,10614,62,10,9.988,0.0120000000000005,0.0999999999999979,21.1732825
20.7,775,0.775,10675,61,10,9.827,0.173,0.100000000000001,21.2669985
20.8,774,0.774,10737,62,10,9.988,0.0120000000000005,0.100000000000001,21.3782941
20.9,768,0.768,10800,63,10,10.149,-0.148999999999999,0.0999999999999979,21.4723557
21,770,0.77,10862,62,10,9.988,0.0120000000000005,0.100000000000001,21.5648952
21.1,770,0.77,10924,62,10,9.988,0.0120000000000005,0.0999999999999979,21.6726636
21.2,770,0.77,10986,62,10,9.988,0.0120000000000005,0.100000000000001,21.7663696
21.3,771,0.771,11048,62,10,9.988,0.0120000000000005,0.100000000000001,21.8754567
21.4,771,0.771,11110,62,10,9.988,0.0120000000000005,0.0999999999999979,21.9688981
21.5,771,0.771,11172,62,10,9.988,0.0120000000000005,0.100000000000001,22.0626181
21.6,772,0.772,11234,62,10,9.988,0.0120000000000005,0.0999999999999979,22.1700765
21.7,772,0.772,11296,62,10,9.988,0.0120000000000005,0.100000000000001,22.2647415
21.8,772,0.772,11358,62,10,9.988,0.0120000000000005,0.100000000000001,22.3732911
21.9,573,0.573,11420,62,5,9.988,-4.988,0.0999999999999979,22.4688113
22,513,0.513,11468,48,5,7.733,-2.733,0.100000000000001,22.5641213
22.1,483,0.483,11508,40,5,6.444,-1.444,0.0999999999999979,22.6749355
22.2,459,0.459,11545,37,5,5.96,-0.96,0.100000000000001,22.7677418
22.3,449,0.449,11579,34,5,5.477,-0.477,0.100000000000001,22.8769288
22.4,441,0.441,11612,33,5,5.316,-0.316,0.0999999999999979,22.9713795
22.5,438,0.438,11644,32,5,5.155,-0.155,0.100000000000001,23.0660277
22.6,434,0.434,11676,32,5,5.155,-0.155,0.0999999999999979,23.1754573
22.7,423,0.423,11709,33,5,5.316,-0.316,0.100000000000001,23.2703281
22.8,426,0.426,11740,31,5,4.994,0.00600000000000023,0.100000000000001,23.363881
22.9,426,0.426,11771,31,5,4.994,0.00600000000000023,0.0999999999999979,23.4729871
23,426,0.426,11802,31,5,4.994,0.00600000000000023,0.100000000000001,23.5684066
23.1,433,0.433,11832,30,5,4.833,0.167,0.0999999999999979,23.6769247
23.2,431,0.431,11863,31,5,4.994,0.00600000000000023,0.100000000000001,23.7725224
23.3,432,0.432,11894,31,5,4.994,0.00600000000000023,0.100000000000001,23.8664429
23.4,425,0.425,11926,32,5,5.155,-0.155,0.0999999999999979,23.976065
23.5,427,0.427,11957,31,5,4.994,0.00600000000000023,0.100000000000001,24.0716131
23.6,434,0.434,11987,30,5,4.833,0.167,0.0999999999999979,24.1671031
23.7,426,0.426,12019,32,5,5.155,-0.155,0.100000000000001,24.2633945
23.8,428,0.428,12050,31,5,4.994,0.00600000000000023,0.100000000000001,24.3733398
23.9,428,0.428,12081,31,5,4.994,0.00600000000000023,0.0999999999999979,24.4697912
24,428,0.428,12112,31,5,4.994,0.00600000000000023,0.100000000000001,24.5640789
24.1,422,0.422,12144,32,5,5.155,-0.155,0.0999999999999979,24.6735628
24.2,430,0.43,12174,30,5,4.833,0.167,0.100000000000001,24.7676703
24.3,422,0.422,12206,32,5,5.155,-0.155,0.100000000000001,24.8761082
24.4,430,0.43,12236,30,5,4.833,0.167,0.0999999999999979,24.9712748
24.5,429,0.429,12267,31,5,4.994,0.00600000000000023,0.100000000000001,25.0643391
24.6,429,0.429,12298,31,5,4.994,0.00600000000000023,0.0999999999999979,25.1734818
24.7,429,0.429,12329,31,5,4.994,0.00600000000000023,0.100000000000001,25.2691251
24.8,429,0.429,12360,31,5,4.994,0.00600000000000023,0.100000000000001,25.3764789
24.9,429,0.429,12391,31,5,4.994,0.00600000000000023,0.0999999999999979,25.470858
25,430,0.43,12422,31,5,4.994,0.00600000000000023,0.100000000000001,25.5651029
25.1,430,0.43,12453,31,5,4.994,0.00600000000000023,0.0999999999999979,25.6736843
25.2,430,0.43,12484,31,5,4.994,0.00600000000000023,0.100000000000001,25.7696824
25.3,424,0.424,12516,32,5,5.155,-0.155,0.100000000000001,25.8649306
25.4,432,0.432,12546,30,5,4.833,0.167,0.0999999999999979,25.9758845
25.5,424,0.424,12578,32,5,5.155,-0.155,0.100000000000001,26.0697821
25.6,419,0.419,12610,32,5,5.155,-0.155,0.0999999999999979,26.1654007
25.7,428,0.428,12640,30,5,4.833,0.167,0.100000000000001,26.2767542
25.8,433,0.433,12670,30,5,4.833,0.167,0.100000000000001,26.3707252
25.9,431,0.431,12701,31,5,4.994,0.00600000000000023,0.0999999999999979,26.4666235
26,431,0.431,12732,31,5,4.994,0.00600000000000023,0.100000000000001,26.5766343
26.1,425,0.425,12764,32,5,5.155,-0.155,0.0999999999999979,26.6718585
26.2,433,0.433,12794,30,5,4.833,0.167,0.100000000000001,26.7663304
26.3,425,0.425,12826,32,5,5.155,-0.155,0.100000000000001,26.8771686
26.4,434,0.434,12856,30,5,4.833,0.167,0.0999999999999979,26.971469
26.5,426,0.426,12888,32,5,5.155,-0.155,0.100000000000001,27.0660468
26.6,428,0.428,12919,31,5,4.994,0.00600000000000023,0.0999999999999979,27.1748814
26.7,428,0.428,12950,31,5,4.994,0.00600000000000023,0.100000000000001,27.2704173
26.8,421,0.421,12982,32,5,5.155,-0.155,0.100000000000001,27.3656199
26.9,423,0.423,13013,31,5,4.994,0.00600000000000023,0.0999999999999979,27.4762735
27,423,0.423,13044,31,5,4.994,0.00600000000000023,0.100000000000001,27.5705297
27.1,430,0.43,13074,30,5,4.833,0.167,0.0999999999999979,27.6640178
27.2,435,0.435,13104,30,5,4.833,0.167,0.100000000000001,27.7757805
27.3,427,0.427,13136,32,5,5.155,-0.155,0.100000000000001,27.8695561
27.4,429,0.429,13167,31,5,4.994,0.00600000000000023,0.0999999999999979,27.9642881
27.5,229,0.229,13198,31,0,4.994,-4.994,0.100000000000001,28.0746575
27.6,176,0.176,13214,16,0,2.577,-2.577,0.0999999999999979,28.1704111
27.7,144,0.144,13223,9,0,1.449,-1.449,0.100000000000001,28.2658297
27.8,152,0.152,13224,1,0,0.161,-0.161,0.100000000000001,28.375609
27.9,153,0.153,13224,0,0,0,0,0.0999999999999979,28.4694872
28,153,0.153,13224,0,0,0,0,0.100000000000001,28.5629972
28.1,153,0.153,13224,0,0,0,0,0.0999999999999979,28.67265
28.2,153,0.153,13224,0,0,0,0,0.100000000000001,28.7664086
28.3,153,0.153,13224,0,0,0,0,0.100000000000001,28.8755754
28.4,147,0.147,13225,1,0,0.161,-0.161,0.0999999999999979,28.9690522
28.5,149,0.149,13225,0,0,0,0,0.100000000000001,29.0630147
28.6,149,0.149,13225,0,0,0,0,0.0999999999999979,29.1735651
28.7,149,0.149,13225,0,0,0,0,0.100000000000001,29.2692622
28.8,149,0.149,13225,0,0,0,0,0.100000000000001,29.3647269
28.9,149,0.149,13225,0,0,0,0,0.0999999999999979,29.4757586
29,149,0.149,13225,0,0,0,0,0.100000000000001,29.5707199
29.1,149,0.149,13225,0,0,0,0,0.0999999999999979,29.6672073
29.2,149,0.149,13225,0,0,0,0,0.100000000000001,29.7612216
29.3,149,0.149,13225,0,0,0,0,0.100000000000001,29.8700874
29.4,149,0.149,13225,0,0,0,0,0.0999999999999979,29.9636435
29.5,149,0.149,13225,0,0,0,0,0.100000000000001,30.0741949
29.6,149,0.149,13225,0,0,0,0,0.0999999999999979,30.1673821
29.7,149,0.149,13225,0,0,0,0,0.100000000000001,30.2612664
29.8,149,0.149,13225,0,0,0,0,0.100000000000001,30.3695801
29.9,149,0.149,13225,0,0,0,0,0.0999999999999979,30.4639993
30,149,0.149,13225,0,0,0,0,0.100000000000001,30.573729
30.1,149,0.149,13225,0,0,0,0,0.0999999999999979,30.6656564
30.2,149,0.149,13225,0,0,0,0,0.100000000000001,30.7761804
30.3,149,0.149,13225,0,0,0,0,0.100000000000001,30.8697705
30.4,149,0.149,13225,0,0,0,0,0.0999999999999979,30.9625878
30.5,149,0.149,13225,0,0,0,0,0.100000000000001,31.0723992
30.6,149,0.149,13225,0,0,0,0,0.0999999999999979,31.1656925
30.7,149,0.149,13225,0,0,0,0,0.100000000000001,31.2602723
30.8,149,0.149,13225,0,0,0,0,0.100000000000001,31.3714198
30.9,-450,-0.45,13225,0,-5,0,-5,0.0999999999999979,31.4647372
31,-426,-0.426,13198,-27,-5,-4.349,-0.651,0.100000000000001,31.5730308
31.1,-414,-0.414,13166,-32,-5,-5.155,0.155,0.0999999999999979,31.667303
31.2,-422,-0.422,13136,-30,-5,-4.833,-0.167,0.100000000000001,31.7626079
31.3,-414,-0.414,13104,-32,-5,-5.155,0.155,0.100000000000001,31.8724164
31.4,-429,-0.429,13075,-29,-5,-4.672,-0.328,0.0999999999999979,31.9684669
31.5,-426,-0.426,13044,-31,-5,-4.994,-0.00600000000000023,0.100000000000001,32.0642616
31.6,-419,-0.419,13012,-32,-5,-5.155,0.155,0.0999999999999979,32.1755008
31.7,-421,-0.421,12981,-31,-5,-4.994,-0.00600000000000023,0.100000000000001,32.2712574
31.8,-421,-0.421,12950,-31,-5,-4.994,-0.00600000000000023,0.100000000000001,32.3657111
31.9,-422,-0.422,12919,-31,-5,-4.994,-0.00600000000000023,0.0999999999999979,32.4766474
32,-422,-0.422,12888,-31,-5,-4.994,-0.00600000000000023,0.100000000000001,32.5723137
32.1,-422,-0.422,12857,-31,-5,-4.994,-0.00600000000000023,0.100000000000001,32.6659279
32.2,-422,-0.422,12826,-31,-5,-4.994,-0.00600000000000023,0.0999999999999943,32.7752649
32.3,-422,-0.422,12795,-31,-5,-4.994,-0.00600000000000023,0.100000000000001,32.8689467
32.4,-422,-0.422,12764,-31,-5,-4.994,-0.00600000000000023,0.100000000000001,32.9649793
32.5,-416,-0.416,12732,-32,-5,-5.155,0.155,0.100000000000001,33.074093
32.6,-424,-0.424,12702,-30,-5,-4.833,-0.167,0.100000000000001,33.1663024
32.7,-423,-0.423,12671,-31,-5,-4.994,-0.00600000000000023,0.0999999999999943,33.2757908
32.8,-423,-0.423,12640,-31,-5,-4.994,-0.00600000000000023,0.100000000000001,33.3694612
32.9,-423,-0.423,12609,-31,-5,-4.994,-0.00600000000000023,0.100000000000001,33.4620858
33,-423,-0.423,12578,-31,-5,-4.994,-0.00600000000000023,0.100000000000001,33.5725725
33.1,-417,-0.417,12546,-32,-5,-5.155,0.155,0.100000000000001,33.6648579
33.2,-419,-0.419,12515,-31,-5,-4.994,-0.00600000000000023,0.0999999999999943,33.7760207
33.3,-419,-0.419,12484,-31,-5,-4.994,-0.00600000000000023,0.100000000000001,33.8686691
33.4,-426,-0.426,12454,-30,-5,-4.833,-0.167,0.100000000000001,33.9629333
33.5,-418,-0.418,12422,-32,-5,-5.155,0.155,0.100000000000001,34.0721235
33.6,-426,-0.426,12392,-30,-5,-4.833,-0.167,0.100000000000001,34.165973
33.7,-418,-0.418,12360,-32,-5,-5.155,0.155,0.0999999999999943,34.2745228
33.8,-426,-0.426,12330,-30,-5,-4.833,-0.167,0.100000000000001,34.3707665
33.9,-419,-0.419,12298,-32,-5,-5.155,0.155,0.100000000000001,34.4647789
34,-620,-0.62,12267,-31,-10,-4.994,-5.006,0.100000000000001,34.5748454
34.1,-680,-0.68,12222,-45,-10,-7.249,-2.751,0.100000000000001,34.6686597
34.2,-905,-0.905,12168,-54,-15,-8.699,-6.301,0.100000000000001,34.7639651
34.3,-984,-0.984,12097,-71,-15,-11.438,-3.562,0.0999999999999943,34.8745458
34.4,-968,-0.968,12016,-81,-15,-13.049,-1.951,0.100000000000001,34.9687465
34.5,-967,-0.967,11934,-82,-15,-13.21,-1.79,0.100000000000001,35.064801
34.6,-968,-0.968,11853,-81,-15,-13.049,-1.951,0.100000000000001,35.1726884
34.7,-968,-0.968,11772,-81,-15,-13.049,-1.951,0.100000000000001,35.2680687
34.8,-967,-0.967,11690,-82,-15,-13.21,-1.79,0.0999999999999943,35.3615121
34.9,-968,-0.968,11609,-81,-15,-13.049,-1.951,0.100000000000001,35.4724
35,-968,-0.968,11528,-81,-15,-13.049,-1.951,0.100000000000001,35.5661642
35.1,-967,-0.967,11446,-82,-15,-13.21,-1.79,0.100000000000001,35.660772
35.2,-967,-0.967,11364,-82,-15,-13.21,-1.79,0.100000000000001,35.7715233
35.3,-968,-0.968,11283,-81,-15,-13.049,-1.951,0.0999999999999943,35.8663625
35.4,-968,-0.968,11202,-81,-15,-13.049,-1.951,0.100000000000001,35.9607471
35.5,-967,-0.967,11120,-82,-15,-13.21,-1.79,0.100000000000001,36.0716038
35.6,-968,-0.968,11039,-81,-15,-13.049,-1.951,0.100000000000001,36.1660764
35.7,-967,-0.967,10957,-82,-15,-13.21,-1.79,0.100000000000001,36.2615376
35.8,-968,-0.968,10876,-81,-15,-13.049,-1.951,0.0999999999999943,36.3734239
35.9,-967,-0.967,10794,-82,-15,-13.21,-1.79,0.100000000000001,36.4663011
36,-968,-0.968,10713,-81,-15,-13.049,-1.951,0.100000000000001,36.5748176
36.1,-967,-0.967,10631,-82,-15,-13.21,-1.79,0.100000000000001,36.6674478
36.2,-968,-0.968,10550,-81,-15,-13.049,-1.951,0.100000000000001,36.7604559
36.3,-967,-0.967,10468,-82,-15,-13.21,-1.79,0.0999999999999943,36.869258
36.4,-968,-0.968,10387,-81,-15,-13.049,-1.951,0.100000000000001,36.9641381
36.5,-967,-0.967,10305,-82,-15,-13.21,-1.79,0.100000000000001,37.0757539
36.6,-968,-0.968,10224,-81,-15,-13.049,-1.951,0.100000000000001,37.1705406
36.7,-967,-0.967,10142,-82,-15,-13.21,-1.79,0.100000000000001,37.2647636
36.8,-967,-0.967,10060,-82,-15,-13.21,-1.79,0.0999999999999943,37.3604145
36.9,-968,-0.968,9979,-81,-15,-13.049,-1.951,0.100000000000001,37.4718566
37,-968,-0.968,9898,-81,-15,-13.049,-1.951,0.100000000000001,37.5657752
37.1,-967,-0.967,9816,-82,-15,-13.21,-1.79,0.100000000000001,37.6604378
37.2,-967,-0.967,9734,-82,-15,-13.21,-1.79,0.100000000000001,37.7701693
37.3,-967,-0.967,9652,-82,-15,-13.21,-1.79,0.0999999999999943,37.8648855
37.4,-970,-0.97,9572,-80,-15,-12.888,-2.112,0.100000000000001,37.9601748
37.5,-967,-0.967,9490,-82,-15,-13.21,-1.79,0.100000000000001,38.0716145
37.6,-967,-0.967,9408,-82,-15,-13.21,-1.79,0.100000000000001,38.1650582
37.7,-968,-0.968,9327,-81,-15,-13.049,-1.951,0.100000000000001,38.2728912
37.8,-967,-0.967,9245,-82,-15,-13.21,-1.79,0.0999999999999943,38.3675779
37.9,-968,-0.968,9164,-81,-15,-13.049,-1.951,0.100000000000001,38.462698
38,-967,-0.967,9082,-82,-15,-13.21,-1.79,0.100000000000001,38.5729223
38.1,-967,-0.967,9000,-82,-15,-13.21,-1.79,0.100000000000001,38.666929
38.2,-968,-0.968,8919,-81,-15,-13.049,-1.951,0.100000000000001,38.7622116
38.3,-967,-0.967,8837,-82,-15,-13.21,-1.79,0.0999999999999943,38.873041
38.4,-968,-0.968,8756,-81,-15,-13.049,-1.951,0.100000000000001,38.9667266
38.5,-967,-0.967,8674,-82,-15,-13.21,-1.79,0.100000000000001,39.0623352
38.6,-968,-0.968,8593,-81,-15,-13.049,-1.951,0.100000000000001,39.1718686
38.7,-967,-0.967,8511,-82,-15,-13.21,-1.79,0.100000000000001,39.267408
38.8,-968,-0.968,8430,-81,-15,-13.049,-1.951,0.0999999999999943,39.3622309
38.9,-967,-0.967,8348,-82,-15,-13.21,-1.79,0.100000000000001,39.4741441
39,-967,-0.967,8266,-82,-15,-13.21,-1.79,0.100000000000001,39.5700522
39.1,-967,-0.967,8184,-82,-15,-13.21,-1.79,0.100000000000001,39.6630061
39.2,-968,-0.968,8103,-81,-15,-13.049,-1.951,0.100000000000001,39.7735369
39.3,-967,-0.967,8021,-82,-15,-13.21,-1.79,0.0999999999999943,39.8679085
39.4,-968,-0.968,7940,-81,-15,-13.049,-1.951,0.100000000000001,39.9640768
39.5,-967,-0.967,7858,-82,-15,-13.21,-1.79,0.100000000000001,40.0750945
39.6,-968,-0.968,7777,-81,-15,-13.049,-1.951,0.100000000000001,40.1690383
39.7,-967,-0.967,7695,-82,-15,-13.21,-1.79,0.100000000000001,40.2633053
39.8,-967,-0.967,7613,-82,-15,-13.21,-1.79,0.0999999999999943,40.3741503
39.9,-968,-0.968,7532,-81,-15,-13.049,-1.951,0.100000000000001,40.4665395
40,-967,-0.967,7450,-82,-15,-13.21,-1.79,0.100000000000001,40.5611369
40.1,-967,-0.967,7368,-82,-15,-13.21,-1.79,0.100000000000001,40.6727971
40.2,-968,-0.968,7287,-81,-15,-13.049,-1.951,0.100000000000001,40.7684277
40.3,-967,-0.967,7205,-82,-15,-13.21,-1.79,0.0999999999999943,40.8628211
40.4,-968,-0.968,7124,-81,-15,-13.049,-1.951,0.100000000000001,40.9735199
40.5,-967,-0.967,7042,-82,-15,-13.21,-1.79,0.100000000000001,41.0689446
40.6,-967,-0.967,6960,-82,-15,-13.21,-1.79,0.100000000000001,41.1645375
40.7,-967,-0.967,6878,-82,-15,-13.21,-1.79,0.100000000000001,41.2602155
40.8,-968,-0.968,6797,-81,-15,-13.049,-1.951,0.0999999999999943,41.3695212
40.9,-967,-0.967,6715,-82,-15,-13.21,-1.79,0.100000000000001,41.4631095
41,-968,-0.968,6634,-81,-15,-13.049,-1.951,0.100000000000001,41.574819
41.1,-967,-0.967,6552,-82,-15,-13.21,-1.79,0.100000000000001,41.6672204
41.2,-968,-0.968,6471,-81,-15,-13.049,-1.951,0.100000000000001,41.7629504
41.3,-965,-0.965,6388,-83,-15,-13.371,-1.629,0.0999999999999943,41.8713317
41.4,-970,-0.97,6308,-80,-15,-12.888,-2.112,0.100000000000001,41.9644837
41.5,-967,-0.967,6226,-82,-15,-13.21,-1.79,0.100000000000001,42.0598982
41.6,-967,-0.967,6144,-82,-15,-13.21,-1.79,0.100000000000001,42.1690959
41.7,-967,-0.967,6062,-82,-15,-13.21,-1.79,0.100000000000001,42.2643721
41.8,-968,-0.968,5981,-81,-15,-13.049,-1.951,0.0999999999999943,42.3727594
41.9,-967,-0.967,5899,-82,-15,-13.21,-1.79,0.100000000000001,42.4679713
42,-968,-0.968,5818,-81,-15,-13.049,-1.951,0.100000000000001,42.5624814
42.1,-967,-0.967,5736,-82,-15,-13.21,-1.79,0.100000000000001,42.6715035
42.2,-967,-0.967,5654,-82,-15,-13.21,-1.79,0.100000000000001,42.7660874
42.3,-967,-0.967,5572,-82,-15,-13.21,-1.79,0.0999999999999943,42.86127
42.4,-968,-0.968,5491,-81,-15,-13.049,-1.951,0.100000000000001,42.9704164
42.5,-968,-0.968,5410,-81,-15,-13.049,-1.951,0.100000000000001,43.0648903
42.6,-967,-0.967,5328,-82,-15,-13.21,-1.79,0.100000000000001,43.1735984
42.7,-967,-0.967,5246,-82,-15,-13.21,-1.79,0.100000000000001,43.2662237
42.8,-967,-0.967,5164,-82,-15,-13.21,-1.79,0.0999999999999943,43.3608577
42.9,-967,-0.967,5082,-82,-15,-13.21,-1.79,0.100000000000001,43.471263
43,-970,-0.97,5002,-80,-15,-12.888,-2.112,0.100000000000001,43.5657779
43.1,-965,-0.965,4919,-83,-15,-13.371,-1.629,0.100000000000001,43.6602246
43.2,-968,-0.968,4838,-81,-15,-13.049,-1.951,0.100000000000001,43.7702308
43.3,-967,-0.967,4756,-82,-15,-13.21,-1.79,0.0999999999999943,43.8652862
43.4,-967,-0.967,4674,-82,-15,-13.21,-1.79,0.100000000000001,43.9734324
43.5,-967,-0.967,4592,-82,-15,-13.21,-1.79,0.100000000000001,44.0688847
43.6,-968,-0.968,4511,-81,-15,-13.049,-1.951,0.100000000000001,44.1641475
43.7,-967,-0.967,4429,-82,-15,-13.21,-1.79,0.100000000000001,44.2743751
43.8,-967,-0.967,4347,-82,-15,-13.21,-1.79,0.0999999999999943,44.3694857
43.9,-967,-0.967,4265,-82,-15,-13.21,-1.79,0.100000000000001,44.4639736
44,-968,-0.968,4184,-81,-15,-13.049,-1.951,0.100000000000001,44.5729627
44.1,-967,-0.967,4102,-82,-15,-13.21,-1.79,0.100000000000001,44.6685597
44.2,-967,-0.967,4020,-82,-15,-13.21,-1.79,0.100000000000001,44.7611368
44.3,-967,-0.967,3938,-82,-15,-13.21,-1.79,0.0999999999999943,44.8687585
44.4,-967,-0.967,3856,-82,-15,-13.21,-1.79,0.100000000000001,44.9634235
44.5,-968,-0.968,3775,-81,-15,-13.049,-1.951,0.100000000000001,45.0716594
44.6,-967,-0.967,3693,-82,-15,-13.21,-1.79,0.100000000000001,45.1663258
44.7,-967,-0.967,3611,-82,-15,-13.21,-1.79,0.100000000000001,45.2593381
44.8,-967,-0.967,3529,-82,-15,-13.21,-1.79,0.0999999999999943,45.3676874
44.9,-968,-0.968,3448,-81,-15,-13.049,-1.951,0.100000000000001,45.4606775
45,-967,-0.967,3366,-82,-15,-13.21,-1.79,0.100000000000001,45.5722722
45.1,-967,-0.967,3284,-82,-15,-13.21,-1.79,0.100000000000001,45.6668067
45.2,-967,-0.967,3202,-82,-15,-13.21,-1.79,0.100000000000001,45.7654769
45.3,-967,-0.967,3120,-82,-15,-13.21,-1.79,0.0999999999999943,45.8732792
45.4,-967,-0.967,3038,-82,-15,-13.21,-1.79,0.100000000000001,45.9685839
45.5,-968,-0.968,2957,-81,-15,-13.049,-1.951,0.100000000000001,46.0629171
45.6,-967,-0.967,2875,-82,-15,-13.21,-1.79,0.100000000000001,46.1741842
45.7,-967,-0.967,2793,-82,-15,-13.21,-1.79,0.100000000000001,46.276378
45.8,-967,-0.967,2711,-82,-15,-13.21,-1.79,0.0999999999999943,46.3649227
45.9,-968,-0.968,2630,-81,-15,-13.049,-1.951,0.100000000000001,46.4593888
46,-967,-0.967,2548,-82,-15,-13.21,-1.79,0.100000000000001,46.570757
46.1,-967,-0.967,2466,-82,-15,-13.21,-1.79,0.100000000000001,46.6662969
46.2,-967,-0.967,2384,-82,-15,-13.21,-1.79,0.100000000000001,46.7641573
46.3,-967,-0.967,2302,-82,-15,-13.21,-1.79,0.0999999999999943,46.8730047
46.4,-967,-0.967,2220,-82,-15,-13.21,-1.79,0.100000000000001,46.9664793
46.5,-967,-0.967,2138,-82,-15,-13.21,-1.79,0.100000000000001,47.0598246
46.6,-968,-0.968,2057,-81,-15,-13.049,-1.951,0.100000000000001,47.1694028
46.7,-967,-0.967,1975,-82,-15,-13.21,-1.79,0.100000000000001,47.2639887
46.8,-967,-0.967,1893,-82,-15,-13.21,-1.79,0.0999999999999943,47.3726672
46.9,-967,-0.967,1811,-82,-15,-13.21,-1.79,0.100000000000001,47.4662372
47,-968,-0.968,1730,-81,-15,-13.049,-1.951,0.100000000000001,47.5605834
47.1,-965,-0.965,1647,-83,-15,-13.371,-1.629,0.100000000000001,47.6671112
47.2,-968,-0.968,1566,-81,-15,-13.049,-1.951,0.100000000000001,47.7595908
47.3,-967,-0.967,1484,-82,-15,-13.21,-1.79,0.0999999999999943,47.8702554
47.4,-967,-0.967,1402,-82,-15,-13.21,-1.79,0.100000000000001,47.9646728
47.5,-967,-0.967,1320,-82,-15,-13.21,-1.79,0.100000000000001,48.0607055
47.6,-967,-0.967,1238,-82,-15,-13.21,-1.79,0.100000000000001,48.171777
47.7,-967,-0.967,1156,-82,-15,-13.21,-1.79,0.100000000000001,48.2666337
47.8,-968,-0.968,1075,-81,-15,-13.049,-1.951,0.0999999999999943,48.3590804
47.9,-967,-0.967,993,-82,-15,-13.21,-1.79,0.100000000000001,48.4698347
48,-968,-0.968,912,-81,-15,-13.049,-1.951,0.100000000000001,48.564378
48.1,-965,-0.965,829,-83,-15,-13.371,-1.629,0.100000000000001,48.6738336
48.2,-968,-0.968,748,-81,-15,-13.049,-1.951,0.100000000000001,48.7693504
48.3,-967,-0.967,666,-82,-15,-13.21,-1.79,0.0999999999999943,48.8641775
48.4,-967,-0.967,584,-82,-15,-13.21,-1.79,0.100000000000001,48.9596524
48.5,-967,-0.967,502,-82,-15,-13.21,-1.79,0.100000000000001,49.070891
48.6,-967,-0.967,420,-82,-15,-13.21,-1.79,0.100000000000001,49.1660295
48.7,-967,-0.967,338,-82,-15,-13.21,-1.79,0.100000000000001,49.2743751
48.8,-968,-0.968,257,-81,-15,-13.049,-1.951,0.0999999999999943,49.3685482
48.9,-967,-0.967,175,-82,-15,-13.21,-1.79,0.100000000000001,49.4639551
49,-968,-0.968,94,-81,-15,-13.049,-1.951,0.100000000000001,49.5585192
49.1,-965,-0.965,11,-83,-15,-13.371,-1.629,0.100000000000001,49.6696807
49.2,-968,-0.968,65466,-81,-15,-13.049,-1.951,0.100000000000001,49.7650581
49.3,-967,-0.967,65384,-82,-15,-13.21,-1.79,0.0999999999999943,49.8589866
49.4,-967,-0.967,65302,-82,-15,-13.21,-1.79,0.100000000000001,49.9701135
49.5,-967,-0.967,65220,-82,-15,-13.21,-1.79,0.100000000000001,50.0651221
49.6,-968,-0.968,65139,-81,-15,-13.049,-1.951,0.100000000000001,50.1600854
49.7,-967,-0.967,65057,-82,-15,-13.21,-1.79,0.100000000000001,50.2705281
49.8,-967,-0.967,64975,-82,-15,-13.21,-1.79,0.0999999999999943,50.3658418
49.9,-967,-0.967,64893,-82,-15,-13.21,-1.79,0.100000000000001,50.4594535
50,-968,-0.968,64812,-81,-15,-13.049,-1.951,0.100000000000001,50.569421
50.1,-967,-0.967,64730,-82,-15,-13.21,-1.79,0.100000000000001,50.665033
50.2,-820,-0.82,64648,-82,-10,-13.21,3.21,0.100000000000001,50.7600124
50.3,-788,-0.788,64576,-72,-10,-11.599,1.599,0.0999999999999943,50.869333
50.4,-779,-0.779,64510,-66,-10,-10.633,0.632999999999999,0.100000000000001,50.9638222
50.5,-773,-0.773,64446,-64,-10,-10.31,0.31,0.100000000000001,51.0593491
50.6,-764,-0.764,64382,-64,-10,-10.31,0.31,0.100000000000001,51.1707246
50.7,-754,-0.754,64318,-64,-10,-10.31,0.31,0.100000000000001,51.2654965
50.8,-758,-0.758,64256,-62,-10,-9.988,-0.0120000000000005,0.0999999999999943,51.3607629
50.9,-752,-0.752,64193,-63,-10,-10.149,0.148999999999999,0.100000000000001,51.4722782
51,-754,-0.754,64131,-62,-10,-9.988,-0.0120000000000005,0.100000000000001,51.5668991
51.1,-754,-0.754,64069,-62,-10,-9.988,-0.0120000000000005,0.100000000000001,51.661921
51.2,-754,-0.754,64007,-62,-10,-9.988,-0.0120000000000005,0.100000000000001,51.7722428
51.3,-748,-0.748,63944,-63,-10,-10.149,0.148999999999999,0.0999999999999943,51.8662988
51.4,-757,-0.757,63883,-61,-10,-9.827,-0.173,0.100000000000001,51.959534
51.5,-755,-0.755,63821,-62,-10,-9.988,-0.0120000000000005,0.100000000000001,52.0705721
51.6,-749,-0.749,63758,-63,-10,-10.149,0.148999999999999,0.100000000000001,52.1645803
51.7,-751,-0.751,63696,-62,-10,-9.988,-0.0120000000000005,0.100000000000001,52.2601669
51.8,-758,-0.758,63635,-61,-10,-9.827,-0.173,0.0999999999999943,52.3714061
51.9,-750,-0.75,63572,-63,-10,-10.149,0.148999999999999,0.100000000000001,52.4669317
52,-752,-0.752,63510,-62,-10,-9.988,-0.0120000000000005,0.100000000000001,52.5624626
52.1,-753,-0.753,63448,-62,-10,-9.988,-0.0120000000000005,0.100000000000001,52.6730229
52.2,-753,-0.753,63386,-62,-10,-9.988,-0.0120000000000005,0.100000000000001,52.7680701
52.3,-753,-0.753,63324,-62,-10,-9.988,-0.0120000000000005,0.0999999999999943,52.8627887
52.4,-754,-0.754,63262,-62,-10,-9.988,-0.0120000000000005,0.100000000000001,52.9733536
52.5,-754,-0.754,63200,-62,-10,-9.988,-0.0120000000000005,0.100000000000001,53.0679573
52.6,-754,-0.754,63138,-62,-10,-9.988,-0.0120000000000005,0.100000000000001,53.1625248
52.7,-755,-0.755,63076,-62,-10,-9.988,-0.0120000000000005,0.100000000000001,53.2582655
52.8,-555,-0.555,63014,-62,-5,-9.988,4.988,0.0999999999999943,53.3687616
52.9,-489,-0.489,62965,-49,-5,-7.894,2.894,0.100000000000001,53.4620137
53,-467,-0.467,62926,-39,-5,-6.283,1.283,0.100000000000001,53.5719349
53.1,-447,-0.447,62890,-36,-5,-5.799,0.799,0.100000000000001,53.6638928
53.2,-436,-0.436,62856,-34,-5,-5.477,0.477,0.100000000000001,53.7599945
53.3,-435,-0.435,62824,-32,-5,-5.155,0.155,0.0999999999999943,53.8676654
53.4,-424,-0.424,62791,-33,-5,-5.316,0.316,0.100000000000001,53.9629205
53.5,-421,-0.421,62759,-32,-5,-5.155,0.155,0.100000000000001,54.070793
53.6,-423,-0.423,62728,-31,-5,-4.994,-0.00600000000000023,0.100000000000001,54.1637957
53.7,-416,-0.416,62696,-32,-5,-5.155,0.155,0.100000000000001,54.2594974
53.8,-425,-0.425,62666,-30,-5,-4.833,-0.167,0.0999999999999943,54.3696256
53.9,-417,-0.417,62634,-32,-5,-5.155,0.155,0.100000000000001,54.4645542
54,-418,-0.418,62603,-31,-5,-4.994,-0.00600000000000023,0.100000000000001,54.5600707
54.1,-419,-0.419,62572,-31,-5,-4.994,-0.00600000000000023,0.100000000000001,54.6691758
54.2,-412,-0.412,62540,-32,-5,-5.155,0.155,0.100000000000001,54.7643615
54.3,-421,-0.421,62510,-30,-5,-4.833,-0.167,0.0999999999999943,54.85837
54.4,-419,-0.419,62479,-31,-5,-4.994,-0.00600000000000023,0.100000000000001,54.9671487
54.5,-419,-0.419,62448,-31,-5,-4.994,-0.00600000000000023,0.100000000000001,55.0616035
54.6,-426,-0.426,62418,-30,-5,-4.833,-0.167,0.100000000000001,55.1716856
54.7,-418,-0.418,62386,-32,-5,-5.155,0.155,0.100000000000001,55.2659713
54.8,-413,-0.413,62354,-32,-5,-5.155,0.155,0.0999999999999943,55.3609429
54.9,-415,-0.415,62323,-31,-5,-4.994,-0.00600000000000023,0.100000000000001,55.4720732
55,-415,-0.415,62292,-31,-5,-4.994,-0.00600000000000023,0.100000000000001,55.567093
55.1,-422,-0.422,62262,-30,-5,-4.833,-0.167,0.100000000000001,55.662701
55.2,-420,-0.42,62231,-31,-5,-4.994,-0.00600000000000023,0.100000000000001,55.7726664
55.3,-421,-0.421,62200,-31,-5,-4.994,-0.00600000000000023,0.0999999999999943,55.8668994
55.4,-414,-0.414,62168,-32,-5,-5.155,0.155,0.100000000000001,55.9622744
55.5,-416,-0.416,62137,-31,-5,-4.994,-0.00600000000000023,0.100000000000001,56.0580348
55.6,-423,-0.423,62107,-30,-5,-4.833,-0.167,0.100000000000001,56.1693988
55.7,-415,-0.415,62075,-32,-5,-5.155,0.155,0.100000000000001,56.2651453
55.8,-417,-0.417,62044,-31,-5,-4.994,-0.00600000000000023,0.0999999999999943,56.3595329
55.9,-423,-0.423,62014,-30,-5,-4.833,-0.167,0.100000000000001,56.4696959
56,-422,-0.422,61983,-31,-5,-4.994,-0.00600000000000023,0.100000000000001,56.5620432
56.1,-416,-0.416,61951,-32,-5,-5.155,0.155,0.100000000000001,56.6712885
56.2,-417,-0.417,61920,-31,-5,-4.994,-0.00600000000000023,0.100000000000001,56.7666327
56.3,-424,-0.424,61890,-30,-5,-4.833,-0.167,0.0999999999999943,56.861381
56.4,-416,-0.416,61858,-32,-5,-5.155,0.155,0.100000000000001,56.9719307
56.5,-418,-0.418,61827,-31,-5,-4.994,-0.00600000000000023,0.100000000000001,57.0666996
56.6,-418,-0.418,61796,-31,-5,-4.994,-0.00600000000000023,0.100000000000001,57.1588464
56.7,-418,-0.418,61765,-31,-5,-4.994,-0.00600000000000023,0.100000000000001,57.2704385
56.8,-418,-0.418,61734,-31,-5,-4.994,-0.00600000000000023,0.0999999999999943,57.3650007
56.9,-419,-0.419,61703,-31,-5,-4.994,-0.00600000000000023,0.100000000000001,57.4598134
57,-419,-0.419,61672,-31,-5,-4.994,-0.00600000000000023,0.100000000000001,57.5670848
57.1,-419,-0.419,61641,-31,-5,-4.994,-0.00600000000000023,0.100000000000001,57.6601764
57.2,-419,-0.419,61610,-31,-5,-4.994,-0.00600000000000023,0.100000000000001,57.7694965
57.3,-626,-0.626,61580,-30,-10,-4.833,-5.167,0.0999999999999943,57.8642344
57.4,-678,-0.678,61534,-46,-10,-7.41,-2.59,0.100000000000001,57.9716081
57.5,-697,-0.697,61479,-55,-10,-8.86,-1.14,0.100000000000001,58.0654685
57.6,-725,-0.725,61423,-56,-10,-9.022,-0.978,0.100000000000001,58.1597319
57.7,-735,-0.735,61364,-59,-10,-9.505,-0.494999999999999,0.100000000000001,58.2713396
57.8,-743,-0.743,61304,-60,-10,-9.666,-0.334,0.0999999999999943,58.3670075
57.9,-740,-0.74,61242,-62,-10,-9.988,-0.0120000000000005,0.100000000000001,58.4610449
58,-754,-0.754,61182,-60,-10,-9.666,-0.334,0.100000000000001,58.5721121
58.1,-751,-0.751,61120,-62,-10,-9.988,-0.0120000000000005,0.100000000000001,58.6659371
58.2,-751,-0.751,61058,-62,-10,-9.988,-0.0120000000000005,0.100000000000001,58.7611391
58.3,-751,-0.751,60996,-62,-10,-9.988,-0.0120000000000005,0.0999999999999943,58.8688624
58.4,-752,-0.752,60934,-62,-10,-9.988,-0.0120000000000005,0.100000000000001,58.9633272
58.5,-752,-0.752,60872,-62,-10,-9.988,-0.0120000000000005,0.100000000000001,59.0577695
58.6,-759,-0.759,60811,-61,-10,-9.827,-0.173,0.100000000000001,59.1690882
58.7,-751,-0.751,60748,-63,-10,-10.149,0.148999999999999,0.100000000000001,59.265256
58.8,-753,-0.753,60686,-62,-10,-9.988,-0.0120000000000005,0.0999999999999943,59.3679074
58.9,-754,-0.754,60624,-62,-10,-9.988,-0.0120000000000005,0.100000000000001,59.4712984
59,-754,-0.754,60562,-62,-10,-9.988,-0.0120000000000005,0.100000000000001,59.5660493
59.1,-754,-0.754,60500,-62,-10,-9.988,-0.0120000000000005,0.100000000000001,59.6619961
59.2,-755,-0.755,60438,-62,-10,-9.988,-0.0120000000000005,0.100000000000001,59.7721088
59.3,-755,-0.755,60376,-62,-10,-9.988,-0.0120000000000005,0.0999999999999943,59.8653659
59.4,-749,-0.749,60313,-63,-10,-10.149,0.148999999999999,0.100000000000001,59.9607565
59.5,-751,-0.751,60251,-62,-10,-9.988,-0.0120000000000005,0.100000000000001,60.0721832
59.6,-758,-0.758,60190,-61,-10,-9.827,-0.173,0.100000000000001,60.1663911
59.7,-750,-0.75,60127,-63,-10,-10.149,0.148999999999999,0.100000000000001,60.2607815
59.8,-752,-0.752,60065,-62,-10,-9.988,-0.0120000000000005,0.0999999999999943,60.3712322
59.9,-752,-0.752,60003,-62,-10,-9.988,-0.0120000000000005,0.100000000000001,60.465922
60,-759,-0.759,59942,-61,-10,-9.827,-0.173,0.100000000000001,60.561442
60.1,-745,-0.745,59878,-64,-10,-10.31,0.31,0.100000000000001,60.6712088
60.2,-755,-0.755,59817,-61,-10,-9.827,-0.173,0.100000000000001,60.7665337
60.3,-753,-0.753,59755,-62,-10,-9.988,-0.0120000000000005,0.0999999999999943,60.8600445
60.4,-754,-0.754,59693,-62,-10,-9.988,-0.0120000000000005,0.100000000000001,60.9696923
60.5,-748,-0.748,59630,-63,-10,-10.149,0.148999999999999,0.100000000000001,61.0631687
60.6,-756,-0.756,59569,-61,-10,-9.827,-0.173,0.100000000000001,61.1724622
60.7,-748,-0.748,59506,-63,-10,-10.149,0.148999999999999,0.100000000000001,61.2680456
60.8,-957,-0.957,59445,-61,-15,-9.827,-5.173,0.0999999999999943,61.3625184
60.9,-981,-0.981,59368,-77,-20,-12.405,-7.595,0.100000000000001,61.4571515
61,-973,-0.973,59286,-82,-20,-13.21,-6.79,0.100000000000001,61.5685887
61.1,-971,-0.971,59203,-83,-20,-13.371,-6.629,0.100000000000001,61.6630823
61.2,-975,-0.975,59122,-81,-20,-13.049,-6.951,0.100000000000001,61.7585501
61.3,-971,-0.971,59039,-83,-20,-13.371,-6.629,0.0999999999999943,61.8698976
61.4,-973,-0.973,58957,-82,-20,-13.21,-6.79,0.100000000000001,61.962205
61.5,-971,-0.971,58874,-83,-20,-13.371,-6.629,0.100000000000001,62.0571323
61.6,-973,-0.973,58792,-82,-20,-13.21,-6.79,0.100000000000001,62.1679484
61.7,-973,-0.973,58710,-82,-20,-13.21,-6.79,0.100000000000001,62.261629
61.8,-973,-0.973,58628,-82,-20,-13.21,-6.79,0.0999999999999943,62.3705899
61.9,-971,-0.971,58545,-83,-20,-13.371,-6.629,0.100000000000001,62.4647525
62,-973,-0.973,58463,-82,-20,-13.21,-6.79,0.100000000000001,62.5590187
62.1,-973,-0.973,58381,-82,-20,-13.21,-6.79,0.100000000000001,62.6698077
62.2,-973,-0.973,58299,-82,-20,-13.21,-6.79,0.100000000000001,62.7649742
62.3,-971,-0.971,58216,-83,-20,-13.371,-6.629,0.0999999999999943,62.8610597
62.4,-973,-0.973,58134,-82,-20,-13.21,-6.79,0.100000000000001,62.9705604
62.5,-973,-0.973,58052,-82,-20,-13.21,-6.79,0.100000000000001,63.0646572
62.6,-973,-0.973,57970,-82,-20,-13.21,-6.79,0.100000000000001,63.1590255
62.7,-971,-0.971,57887,-83,-20,-13.371,-6.629,0.100000000000001,63.2706397
62.8,-973,-0.973,57805,-82,-20,-13.21,-6.79,0.0999999999999943,63.3659809
62.9,-971,-0.971,57722,-83,-20,-13.371,-6.629,0.100000000000001,63.4583942
63,-973,-0.973,57640,-82,-20,-13.21,-6.79,0.100000000000001,63.5678192
63.1,-973,-0.973,57558,-82,-20,-13.21,-6.79,0.100000000000001,63.6604245
63.2,-973,-0.973,57476,-82,-20,-13.21,-6.79,0.100000000000001,63.7714702
63.3,-971,-0.971,57393,-83,-20,-13.371,-6.629,0.0999999999999943,63.8648701
63.4,-975,-0.975,57312,-81,-20,-13.049,-6.951,0.100000000000001,63.9590023
63.5,-970,-0.97,57228,-84,-20,-13.533,-6.467,0.100000000000001,64.069028
63.6,-975,-0.975,57147,-81,-20,-13.049,-6.951,0.100000000000001,64.1641141
63.7,-971,-0.971,57064,-83,-20,-13.371,-6.629,0.100000000000001,64.2574708
63.8,-973,-0.973,56982,-82,-20,-13.21,-6.79,0.0999999999999943,64.3683856
63.9,-973,-0.973,56900,-82,-20,-13.21,-6.79,0.100000000000001,64.4615067
64,-973,-0.973,56818,-82,-20,-13.21,-6.79,0.0999999999999943,64.5570498
64.1,-971,-0.971,56735,-83,-20,-13.371,-6.629,0.100000000000016,64.6685437
64.2,-973,-0.973,56653,-82,-20,-13.21,-6.79,0.0999999999999943,64.7640854
64.3,-971,-0.971,56570,-83,-20,-13.371,-6.629,0.100000000000009,64.8587841
64.4,-973,-0.973,56488,-82,-20,-13.21,-6.79,0.0999999999999943,64.9684359
64.5,-973,-0.973,56406,-82,-20,-13.21,-6.79,0.0999999999999943,65.0609597
64.6,-973,-0.973,56324,-82,-20,-13.21,-6.79,0.100000000000009,65.1711629
64.7,-970,-0.97,56241,-83,-15,-13.371,-1.629,0.0999999999999943,65.2655958
64.8,-972,-0.972,56159,-82,-15,-13.21,-1.79,0.100000000000009,65.3604943
64.9,-972,-0.972,56077,-82,-15,-13.21,-1.79,0.0999999999999943,65.4714977
65,-970,-0.97,55994,-83,-15,-13.371,-1.629,0.0999999999999943,65.5671715
65.1,-972,-0.972,55912,-82,-15,-13.21,-1.79,0.100000000000009,65.6611778
65.2,-972,-0.972,55830,-82,-15,-13.21,-1.79,0.0999999999999943,65.7715367
65.3,-972,-0.972,55748,-82,-15,-13.21,-1.79,0.100000000000009,65.8644132
65.4,-972,-0.972,55666,-82,-15,-13.21,-1.79,0.0999999999999943,65.959565
65.5,-970,-0.97,55583,-83,-15,-13.371,-1.629,0.0999999999999943,66.0709952
65.6,-973,-0.973,55502,-81,-15,-13.049,-1.951,0.100000000000009,66.1666939
65.7,-970,-0.97,55419,-83,-15,-13.371,-1.629,0.0999999999999943,66.2612474
65.8,-972,-0.972,55337,-82,-15,-13.21,-1.79,0.100000000000009,66.3566421
65.9,-970,-0.97,55254,-83,-15,-13.371,-1.629,0.0999999999999943,66.4671654
66,-972,-0.972,55172,-82,-15,-13.21,-1.79,0.0999999999999943,66.5624574
66.1,-972,-0.972,55090,-82,-15,-13.21,-1.79,0.100000000000009,66.6579987
66.2,-972,-0.972,55008,-82,-15,-13.21,-1.79,0.0999999999999943,66.7695228
66.3,-970,-0.97,54925,-83,-15,-13.371,-1.629,0.100000000000009,66.8638006
66.4,-972,-0.972,54843,-82,-15,-13.21,-1.79,0.0999999999999943,66.9715427
66.5,-972,-0.972,54761,-82,-15,-13.21,-1.79,0.0999999999999943,67.0667388
66.6,-972,-0.972,54679,-82,-15,-13.21,-1.79,0.100000000000009,67.1602001
66.7,-970,-0.97,54596,-83,-15,-13.371,-1.629,0.0999999999999943,67.2688022
66.8,-972,-0.972,54514,-82,-15,-13.21,-1.79,0.100000000000009,67.3641534
66.9,-972,-0.972,54432,-82,-15,-13.21,-1.79,0.0999999999999943,67.4589563
67,-972,-0.972,54350,-82,-15,-13.21,-1.79,0.0999999999999943,67.5707128
67.1,-972,-0.972,54268,-82,-15,-13.21,-1.79,0.100000000000009,67.6665786
67.2,-972,-0.972,54186,-82,-15,-13.21,-1.79,0.0999999999999943,67.7606785
67.3,-970,-0.97,54103,-83,-15,-13.371,-1.629,0.100000000000009,67.8567429
67.4,-972,-0.972,54021,-82,-15,-13.21,-1.79,0.0999999999999943,67.9681568
67.5,-970,-0.97,53938,-83,-15,-13.371,-1.629,0.0999999999999943,68.0633621
67.6,-972,-0.972,53856,-82,-15,-13.21,-1.79,0.100000000000009,68.1586868
67.7,-972,-0.972,53774,-82,-15,-13.21,-1.79,0.0999999999999943,68.268274
67.8,-972,-0.972,53692,-82,-15,-13.21,-1.79,0.100000000000009,68.3634924
67.9,-970,-0.97,53609,-83,-15,-13.371,-1.629,0.0999999999999943,68.456834
68,-972,-0.972,53527,-82,-15,-13.21,-1.79,0.0999999999999943,68.5638152
68.1,-972,-0.972,53445,-82,-15,-13.21,-1.79,0.100000000000009,68.6563362
68.2,-970,-0.97,53362,-83,-15,-13.371,-1.629,0.0999999999999943,68.767698
68.3,-972,-0.972,53280,-82,-15,-13.21,-1.79,0.100000000000009,68.9389469
68.4,-972,-0.972,53198,-82,-15,-13.21,-1.79,0.0999999999999943,68.9567488
68.5,-972,-0.972,53116,-82,-15,-13.21,-1.79,0.100000000000009,69.0662489
68.6,-972,-0.972,53034,-82,-15,-13.21,-1.79,0.0999999999999943,69.1599401
68.7,-970,-0.97,52951,-83,-15,-13.371,-1.629,0.0999999999999943,69.2714166
68.8,-972,-0.972,52869,-82,-15,-13.21,-1.79,0.100000000000009,69.361701
68.9,-970,-0.97,52786,-83,-15,-13.371,-1.629,0.0999999999999943,69.4571803
69,-972,-0.972,52704,-82,-15,-13.21,-1.79,0.100000000000009,69.56895
69.1,-972,-0.972,52622,-82,-15,-13.21,-1.79,0.0999999999999943,69.6625823
69.2,-972,-0.972,52540,-82,-15,-13.21,-1.79,0.0999999999999943,69.7582777
69.3,-970,-0.97,52457,-83,-15,-13.371,-1.629,0.100000000000009,69.8682948
69.4,-972,-0.972,52375,-82,-15,-13.21,-1.79,0.0999999999999943,69.9607215
69.5,-970,-0.97,52292,-83,-15,-13.371,-1.629,0.100000000000009,70.0705737
69.6,-973,-0.973,52211,-81,-15,-13.049,-1.951,0.0999999999999943,70.1639717
69.7,-970,-0.97,52128,-83,-15,-13.371,-1.629,0.0999999999999943,70.2601674
69.8,-972,-0.972,52046,-82,-15,-13.21,-1.79,0.100000000000009,70.370682
69.9,-972,-0.972,51964,-82,-15,-13.21,-1.79,0.0999999999999943,70.4648509
70,-972,-0.972,51882,-82,-15,-13.21,-1.79,0.100000000000009,70.5576345
70.1,-972,-0.972,51800,-82,-15,-13.21,-1.79,0.0999999999999943,70.6861981
70.2,-970,-0.97,51717,-83,-15,-13.371,-1.629,0.0999999999999943,70.7850568
70.3,-972,-0.972,51635,-82,-15,-13.21,-1.79,0.100000000000009,70.8718214
70.4,-970,-0.97,51552,-83,-15,-13.371,-1.629,0.0999999999999943,70.9673787
70.5,-972,-0.972,51470,-82,-15,-13.21,-1.79,0.100000000000009,71.0629216
70.6,-972,-0.972,51388,-82,-15,-13.21,-1.79,0.0999999999999943,71.1716183
70.7,-972,-0.972,51306,-82,-15,-13.21,-1.79,0.0999999999999943,71.2650156
70.8,-972,-0.972,51224,-82,-15,-13.21,-1.79,0.100000000000009,71.3598049
70.9,-970,-0.97,51141,-83,-15,-13.371,-1.629,0.0999999999999943,71.4683146
71,-972,-0.972,51059,-82,-15,-13.21,-1.79,0.100000000000009,71.5629956
71.1,-970,-0.97,50976,-83,-15,-13.371,-1.629,0.0999999999999943,71.6712732
71.2,-972,-0.972,50894,-82,-15,-13.21,-1.79,0.0999999999999943,71.7645627
71.3,-972,-0.972,50812,-82,-15,-13.21,-1.79,0.100000000000009,71.8600406
71.4,-972,-0.972,50730,-82,-15,-13.21,-1.79,0.0999999999999943,71.9561024
71.5,-970,-0.97,50647,-83,-15,-13.371,-1.629,0.100000000000009,72.0667572
71.6,-973,-0.973,50566,-81,-15,-13.049,-1.951,0.0999999999999943,72.1601825
71.7,-969,-0.969,50482,-84,-15,-13.533,-1.467,0.0999999999999943,72.2743
71.8,-973,-0.973,50401,-81,-15,-13.049,-1.951,0.100000000000009,72.3641915
71.9,-970,-0.97,50318,-83,-15,-13.371,-1.629,0.0999999999999943,72.4588375
72,-972,-0.972,50236,-82,-15,-13.21,-1.79,0.100000000000009,72.5672967
72.1,-972,-0.972,50154,-82,-15,-13.21,-1.79,0.0999999999999943,72.6605943
72.2,-972,-0.972,50072,-82,-15,-13.21,-1.79,0.0999999999999943,72.7556336
72.3,-970,-0.97,49989,-83,-15,-13.371,-1.629,0.100000000000009,72.8662775
72.4,-970,-0.97,49906,-83,-15,-13.371,-1.629,0.0999999999999943,72.9613393
72.5,-972,-0.972,49824,-82,-15,-13.21,-1.79,0.100000000000009,73.0566308
72.6,-972,-0.972,49742,-82,-15,-13.21,-1.79,0.0999999999999943,73.1669756
72.7,-972,-0.972,49660,-82,-15,-13.21,-1.79,0.0999999999999943,73.2615129
72.8,-972,-0.972,49578,-82,-15,-13.21,-1.79,0.100000000000009,73.3555724
72.9,-970,-0.97,49495,-83,-15,-13.371,-1.629,0.0999999999999943,73.4642163
73,-972,-0.972,49413,-82,-15,-13.21,-1.79,0.100000000000009,73.5588793
73.1,-970,-0.97,49330,-83,-15,-13.371,-1.629,0.0999999999999943,73.6703613
73.2,-972,-0.972,49248,-82,-15,-13.21,-1.79,0.0999999999999943,73.7643698
73.3,-972,-0.972,49166,-82,-15,-13.21,-1.79,0.100000000000009,73.8583767
73.4,-972,-0.972,49084,-82,-15,-13.21,-1.79,0.0999999999999943,74.0737403
73.5,-970,-0.97,49001,-83,-15,-13.371,-1.629,0.100000000000009,74.074263
73.6,-972,-0.972,48919,-82,-15,-13.21,-1.79,0.0999999999999943,74.2567426
73.7,-970,-0.97,48836,-83,-15,-13.371,-1.629,0.0999999999999943,74.2669945
73.8,-972,-0.972,48754,-82,-15,-13.21,-1.79,0.100000000000009,74.4131858
73.9,-972,-0.972,48672,-82,-15,-13.21,-1.79,0.0999999999999943,74.457163
74,-972,-0.972,48590,-82,-15,-13.21,-1.79,0.100000000000009,74.5661944
74.1,-970,-0.97,48507,-83,-15,-13.371,-1.629,0.0999999999999943,74.6611783
74.2,-972,-0.972,48425,-82,-15,-13.21,-1.79,0.0999999999999943,74.7559052
74.3,-970,-0.97,48342,-83,-15,-13.371,-1.629,0.100000000000009,74.8987487
74.4,-972,-0.972,48260,-82,-15,-13.21,-1.79,0.0999999999999943,75.0157689
74.5,-972,-0.972,48178,-82,-15,-13.21,-1.79,0.100000000000009,75.0552091
74.6,-972,-0.972,48096,-82,-15,-13.21,-1.79,0.0999999999999943,75.1653736
74.7,-970,-0.97,48013,-83,-15,-13.371,-1.629,0.0999999999999943,75.2602159
74.8,-972,-0.972,47931,-82,-15,-13.21,-1.79,0.100000000000009,75.3726799
74.9,-970,-0.97,47848,-83,-15,-13.371,-1.629,0.0999999999999943,75.4987623
75,-972,-0.972,47766,-82,-15,-13.21,-1.79,0.100000000000009,75.6263875
75.1,-972,-0.972,47684,-82,-15,-13.21,-1.79,0.0999999999999943,75.6671819
75.2,-972,-0.972,47602,-82,-15,-13.21,-1.79,0.0999999999999943,75.7593493
75.3,-970,-0.97,47519,-83,-15,-13.371,-1.629,0.100000000000009,75.8681396
75.4,-972,-0.972,47437,-82,-15,-13.21,-1.79,0.0999999999999943,75.9758772
75.5,-970,-0.97,47354,-83,-15,-13.371,-1.629,0.100000000000009,76.0919531
75.6,-972,-0.972,47272,-82,-15,-13.21,-1.79,0.0999999999999943,76.2057179
75.7,-972,-0.972,47190,-82,-15,-13.21,-1.79,0.0999999999999943,76.3305219
75.8,-972,-0.972,47108,-82,-15,-13.21,-1.79,0.100000000000009,76.3692654
75.9,-969,-0.969,47024,-84,-15,-13.533,-1.467,0.0999999999999943,76.4615882
76,-973,-0.973,46943,-81,-15,-13.049,-1.951,0.100000000000009,76.5821313
76.1,-970,-0.97,46860,-83,-15,-13.371,-1.629,0.0999999999999943,76.7059244
76.2,-972,-0.972,46778,-82,-15,-13.21,-1.79,0.0999999999999943,76.8331411
76.3,-972,-0.972,46696,-82,-15,-13.21,-1.79,0.100000000000009,76.8684509
76.4,-972,-0.972,46614,-82,-15,-13.21,-1.79,0.0999999999999943,76.9635336
76.5,-970,-0.97,46531,-83,-15,-13.371,-1.629,0.100000000000009,77.0763424
76.6,-972,-0.972,46449,-82,-15,-13.21,-1.79,0.0999999999999943,77.1933691
76.7,-970,-0.97,46366,-83,-15,-13.371,-1.629,0.0999999999999943,77.3136341
76.8,-972,-0.972,46284,-82,-15,-13.21,-1.79,0.100000000000009,77.3586919
76.9,-972,-0.972,46202,-82,-15,-13.21,-1.79,0.0999999999999943,77.4693536
77,-972,-0.972,46120,-82,-15,-13.21,-1.79,0.100000000000009,77.5650649
77.1,-970,-0.97,46037,-83,-15,-13.371,-1.629,0.0999999999999943,77.6596948
77.2,-972,-0.972,45955,-82,-15,-13.21,-1.79,0.0999999999999943,77.7633312
77.3,-970,-0.97,45872,-83,-15,-13.371,-1.629,0.100000000000009,77.8729116
77.4,-972,-0.972,45790,-82,-15,-13.21,-1.79,0.0999999999999943,77.995872
77.5,-972,-0.972,45708,-82,-15,-13.21,-1.79,0.100000000000009,78.1279868
77.6,-972,-0.972,45626,-82,-15,-13.21,-1.79,0.0999999999999943,78.1647941
77.7,-969,-0.969,45542,-84,-15,-13.533,-1.467,0.0999999999999943,78.260277
77.8,-972,-0.972,45460,-82,-15,-13.21,-1.79,0.100000000000009,78.3642974
77.9,-972,-0.972,45378,-82,-15,-13.21,-1.79,0.0999999999999943,78.4743068
78,-972,-0.972,45296,-82,-15,-13.21,-1.79,0.100000000000009,78.5899498
78.1,-970,-0.97,45213,-83,-15,-13.371,-1.629,0.0999999999999943,78.7032531
78.2,-972,-0.972,45131,-82,-15,-13.21,-1.79,0.0999999999999943,78.8180542
78.3,-970,-0.97,45048,-83,-15,-13.371,-1.629,0.100000000000009,78.9302865
78.4,-972,-0.972,44966,-82,-15,-13.21,-1.79,0.0999999999999943,78.9624537
78.5,-972,-0.972,44884,-82,-15,-13.21,-1.79,0.100000000000009,79.0570084
78.6,-972,-0.972,44802,-82,-15,-13.21,-1.79,0.0999999999999943,79.1648626
78.7,-970,-0.97,44719,-83,-15,-13.371,-1.629,0.0999999999999943,79.2779649
78.8,-972,-0.972,44637,-82,-15,-13.21,-1.79,0.100000000000009,79.4026648
78.9,-970,-0.97,44554,-83,-15,-13.371,-1.629,0.0999999999999943,79.5223197
79,-972,-0.972,44472,-82,-15,-13.21,-1.79,0.100000000000009,79.5561571
79.1,-972,-0.972,44390,-82,-15,-13.21,-1.79,0.0999999999999943,79.6653636
79.2,-970,-0.97,44307,-83,-15,-13.371,-1.629,0.0999999999999943,79.7576201
79.3,-970,-0.97,44224,-83,-15,-13.371,-1.629,0.100000000000009,79.8699184
79.4,-972,-0.972,44142,-82,-15,-13.21,-1.79,0.0999999999999943,79.9893259
79.5,-972,-0.972,44060,-82,-15,-13.21,-1.79,0.100000000000009,80.1077508
79.6,-972,-0.972,43978,-82,-15,-13.21,-1.79,0.0999999999999943,80.2235354
79.7,-970,-0.97,43895,-83,-15,-13.371,-1.629,0.0999999999999943,80.2612153
79.8,-972,-0.972,43813,-82,-15,-13.21,-1.79,0.100000000000009,80.3560175
79.9,-970,-0.97,43730,-83,-15,-13.371,-1.629,0.0999999999999943,80.4696581
80,-973,-0.973,43649,-81,-15,-13.049,-1.951,0.100000000000009,80.6018927
80.1,-970,-0.97,43566,-83,-15,-13.371,-1.629,0.0999999999999943,80.7263836
80.2,-972,-0.972,43484,-82,-15,-13.21,-1.79,0.0999999999999943,80.7654472
80.3,-970,-0.97,43401,-83,-15,-13.371,-1.629,0.100000000000009,80.8599102
80.4,-972,-0.972,43319,-82,-15,-13.21,-1.79,0.0999999999999943,80.9661196
80.5,-972,-0.972,43237,-82,-15,-13.21,-1.79,0.100000000000009,81.0840418
80.6,-970,-0.97,43154,-83,-15,-13.371,-1.629,0.0999999999999943,81.2007747
80.7,-972,-0.972,43072,-82,-15,-13.21,-1.79,0.0999999999999943,81.3289215
80.8,-972,-0.972,42990,-82,-15,-13.21,-1.79,0.100000000000009,81.3643832
80.9,-970,-0.97,42907,-83,-15,-13.371,-1.629,0.0999999999999943,81.4575969
81,-972,-0.972,42825,-82,-15,-13.21,-1.79,0.100000000000009,81.5696366
81.1,-970,-0.97,42742,-83,-15,-13.371,-1.629,0.0999999999999943,81.693526
81.2,-972,-0.972,42660,-82,-15,-13.21,-1.79,0.0999999999999943,81.8187675
81.3,-972,-0.972,42578,-82,-15,-13.21,-1.79,0.100000000000009,81.8641365
81.4,-972,-0.972,42496,-82,-15,-13.21,-1.79,0.0999999999999943,81.9580576
81.5,-972,-0.972,42414,-82,-15,-13.21,-1.79,0.100000000000009,82.0684162
81.6,-970,-0.97,42331,-83,-15,-13.371,-1.629,0.0999999999999943,82.1956763
81.7,-970,-0.97,42248,-83,-15,-13.371,-1.629,0.0999999999999943,82.3250671
81.8,-972,-0.972,42166,-82,-15,-13.21,-1.79,0.100000000000009,82.3678267
81.9,-972,-0.972,42084,-82,-15,-13.21,-1.79,0.0999999999999943,82.4631035
82,-972,-0.972,42002,-82,-15,-13.21,-1.79,0.100000000000009,82.5747051
82.1,-970,-0.97,41919,-83,-15,-13.371,-1.629,0.0999999999999943,82.6906449
82.2,-972,-0.972,41837,-82,-15,-13.21,-1.79,0.0999999999999943,82.8090809
82.3,-970,-0.97,41754,-83,-15,-13.371,-1.629,0.100000000000009,82.932143
82.4,-972,-0.972,41672,-82,-15,-13.21,-1.79,0.0999999999999943,82.961588
82.5,-972,-0.972,41590,-82,-15,-13.21,-1.79,0.100000000000009,83.0633823
82.6,-972,-0.972,41508,-82,-15,-13.21,-1.79,0.0999999999999943,83.1837155
82.7,-970,-0.97,41425,-83,-15,-13.371,-1.629,0.0999999999999943,83.3127822
82.8,-970,-0.97,41342,-83,-15,-13.371,-1.629,0.100000000000009,83.3570604
82.9,-972,-0.972,41260,-82,-15,-13.21,-1.79,0.0999999999999943,83.4658635
83,-972,-0.972,41178,-82,-15,-13.21,-1.79,0.100000000000009,83.560232
83.1,-970,-0.97,41095,-83,-15,-13.371,-1.629,0.0999999999999943,83.6757421
83.2,-973,-0.973,41014,-81,-15,-13.049,-1.951,0.0999999999999943,83.789383
83.3,-969,-0.969,40930,-84,-15,-13.533,-1.467,0.100000000000009,83.9051612
83.4,-972,-0.972,40848,-82,-15,-13.21,-1.79,0.0999999999999943,84.0209507
83.5,-972,-0.972,40766,-82,-15,-13.21,-1.79,0.100000000000009,84.0655645
83.6,-972,-0.972,40684,-82,-15,-13.21,-1.79,0.0999999999999943,84.1617756
83.7,-970,-0.97,40601,-83,-15,-13.371,-1.629,0.0999999999999943,84.2618226
83.8,-972,-0.972,40519,-82,-15,-13.21,-1.79,0.100000000000009,84.3864951
83.9,-970,-0.97,40436,-83,-15,-13.371,-1.629,0.0999999999999943,84.5045802
84,-972,-0.972,40354,-82,-15,-13.21,-1.79,0.100000000000009,84.6275304
84.1,-972,-0.972,40272,-82,-15,-13.21,-1.79,0.0999999999999943,84.6631852
84.2,-972,-0.972,40190,-82,-15,-13.21,-1.79,0.0999999999999943,84.7576343
84.3,-970,-0.97,40107,-83,-15,-13.371,-1.629,0.100000000000009,84.8686537
84.4,-970,-0.97,40024,-83,-15,-13.371,-1.629,0.0999999999999943,84.9768458
84.5,-972,-0.972,39942,-82,-15,-13.21,-1.79,0.100000000000009,85.0947509
84.6,-972,-0.972,39860,-82,-15,-13.21,-1.79,0.0999999999999943,85.2110199
84.7,-970,-0.97,39777,-83,-15,-13.371,-1.629,0.0999999999999943,85.2576776
84.8,-972,-0.972,39695,-82,-15,-13.21,-1.79,0.100000000000009,85.3674267
84.9,-970,-0.97,39612,-83,-15,-13.371,-1.629,0.0999999999999943,85.4601906
85,-973,-0.973,39531,-81,-15,-13.049,-1.951,0.100000000000009,85.571293
85.1,-970,-0.97,39448,-83,-15,-13.371,-1.629,0.0999999999999943,85.685906
85.2,-972,-0.972,39366,-82,-15,-13.21,-1.79,0.0999999999999943,85.8049224
85.3,-970,-0.97,39283,-83,-15,-13.371,-1.629,0.100000000000009,85.9211026
85.4,-972,-0.972,39201,-82,-15,-13.21,-1.79,0.0999999999999943,85.9602048
85.5,-970,-0.97,39118,-83,-15,-13.371,-1.629,0.100000000000009,86.0548095
85.6,-972,-0.972,39036,-82,-15,-13.21,-1.79,0.0999999999999943,86.1647564
85.7,-972,-0.972,38954,-82,-15,-13.21,-1.79,0.0999999999999943,86.2674261
85.8,-970,-0.97,38871,-83,-15,-13.371,-1.629,0.100000000000009,86.3909974
85.9,-970,-0.97,38788,-83,-15,-13.371,-1.629,0.0999999999999943,86.5051758
86,-972,-0.972,38706,-82,-15,-13.21,-1.79,0.100000000000009,86.6266432
86.1,-972,-0.972,38624,-82,-15,-13.21,-1.79,0.0999999999999943,86.6536418
86.2,-972,-0.972,38542,-82,-15,-13.21,-1.79,0.0999999999999943,86.7639195
86.3,-969,-0.969,38458,-84,-15,-13.533,-1.467,0.100000000000009,86.8758973
86.4,-972,-0.972,38376,-82,-15,-13.21,-1.79,0.0999999999999943,86.9891131
86.5,-972,-0.972,38294,-82,-15,-13.21,-1.79,0.100000000000009,87.1025689
86.6,-972,-0.972,38212,-82,-15,-13.21,-1.79,0.0999999999999943,87.2202146
86.7,-970,-0.97,38129,-83,-15,-13.371,-1.629,0.0999999999999943,87.253366
86.8,-970,-0.97,38046,-83,-15,-13.371,-1.629,0.100000000000009,87.3637754
86.9,-972,-0.972,37964,-82,-15,-13.21,-1.79,0.0999999999999943,87.4825231
87,-972,-0.972,37882,-82,-15,-13.21,-1.79,0.100000000000009,87.6011096
87.1,-970,-0.97,37799,-83,-15,-13.371,-1.629,0.0999999999999943,87.7199246
87.2,-972,-0.972,37717,-82,-15,-13.21,-1.79,0.0999999999999943,87.7674379
87.3,-970,-0.97,37634,-83,-15,-13.371,-1.629,0.100000000000009,87.8632228
87.4,-972,-0.972,37552,-82,-15,-13.21,-1.79,0.0999999999999943,87.9586744
87.5,-972,-0.972,37470,-82,-15,-13.21,-1.79,0.100000000000009,88.0801782
87.6,-970,-0.97,37387,-83,-15,-13.371,-1.629,0.0999999999999943,88.1918191
87.7,-970,-0.97,37304,-83,-15,-13.371,-1.629,0.0999999999999943,88.3130832
87.8,-972,-0.972,37222,-82,-15,-13.21,-1.79,0.100000000000009,88.3540719
87.9,-972,-0.972,37140,-82,-15,-13.21,-1.79,0.0999999999999943,88.4635655
88,-972,-0.972,37058,-82,-15,-13.21,-1.79,0.100000000000009,88.557626
88.1,-970,-0.97,36975,-83,-15,-13.371,-1.629,0.0999999999999943,88.6562017
88.2,-972,-0.972,36893,-82,-15,-13.21,-1.79,0.0999999999999943,88.7741773
88.3,-970,-0.97,36810,-83,-15,-13.371,-1.629,0.100000000000009,88.9032374
88.4,-972,-0.972,36728,-82,-15,-13.21,-1.79,0.0999999999999943,89.0246141
88.5,-972,-0.972,36646,-82,-15,-13.21,-1.79,0.100000000000009,89.0634258
88.6,-970,-0.97,36563,-83,-15,-13.371,-1.629,0.0999999999999943,89.159065
88.7,-970,-0.97,36480,-83,-15,-13.371,-1.629,0.0999999999999943,89.2738602
88.8,-972,-0.972,36398,-82,-15,-13.21,-1.79,0.100000000000009,89.3919961
88.9,-972,-0.972,36316,-82,-15,-13.21,-1.79,0.0999999999999943,89.5099163
89,-972,-0.972,36234,-82,-15,-13.21,-1.79,0.100000000000009,89.5550734
89.1,-970,-0.97,36151,-83,-15,-13.371,-1.629,0.0999999999999943,89.6651507
89.2,-970,-0.97,36068,-83,-15,-13.371,-1.629,0.0999999999999943,89.7597911
89.3,-972,-0.972,35986,-82,-15,-13.21,-1.79,0.100000000000009,89.8576784
89.4,-972,-0.972,35904,-82,-15,-13.21,-1.79,0.0999999999999943,89.9759414
89.5,-972,-0.972,35822,-82,-15,-13.21,-1.79,0.100000000000009,90.1184618
89.6,-970,-0.97,35739,-83,-15,-13.371,-1.629,0.0999999999999943,90.1532837
89.7,-970,-0.97,35656,-83,-15,-13.371,-1.629,0.0999999999999943,90.2613944
89.8,-972,-0.972,35574,-82,-15,-13.21,-1.79,0.100000000000009,90.3646632
89.9,-972,-0.972,35492,-82,-15,-13.21,-1.79,0.0999999999999943,90.4962381
90,-972,-0.972,35410,-82,-15,-13.21,-1.79,0.100000000000009,90.6235789
90.1,-970,-0.97,35327,-83,-15,-13.371,-1.629,0.0999999999999943,90.6535574
90.2,-972,-0.972,35245,-82,-15,-13.21,-1.79,0.0999999999999943,90.7630024
90.3,-970,-0.97,35162,-83,-15,-13.371,-1.629,0.100000000000009,90.8579708
90.4,-972,-0.972,35080,-82,-15,-13.21,-1.79,0.0999999999999943,90.9666976
90.5,-972,-0.972,34998,-82,-15,-13.21,-1.79,0.100000000000009,91.077739
90.6,-970,-0.97,34915,-83,-15,-13.371,-1.629,0.0999999999999943,91.1901184
90.7,-970,-0.97,34832,-83,-15,-13.371,-1.629,0.0999999999999943,91.30808
90.8,-972,-0.972,34750,-82,-15,-13.21,-1.79,0.100000000000009,91.4207743
90.9,-972,-0.972,34668,-82,-15,-13.21,-1.79,0.0999999999999943,91.4563426
91,-972,-0.972,34586,-82,-15,-13.21,-1.79,0.100000000000009,91.5669206
91.1,-970,-0.97,34503,-83,-15,-13.371,-1.629,0.0999999999999943,91.6615406
91.2,-972,-0.972,34421,-82,-15,-13.21,-1.79,0.0999999999999943,91.7768457
91.3,-970,-0.97,34338,-83,-15,-13.371,-1.629,0.100000000000009,91.8865337
91.4,-972,-0.972,34256,-82,-15,-13.21,-1.79,0.0999999999999943,92.0093258
91.5,-972,-0.972,34174,-82,-15,-13.21,-1.79,0.100000000000009,92.0573314
91.6,-972,-0.972,34092,-82,-15,-13.21,-1.79,0.0999999999999943,92.1528396
91.7,-970,-0.97,34009,-83,-15,-13.371,-1.629,0.0999999999999943,92.263655
91.8,-972,-0.972,33927,-82,-15,-13.21,-1.79,0.100000000000009,92.3650197
91.9,-970,-0.97,33844,-83,-15,-13.371,-1.629,0.0999999999999943,92.4801446
92,-972,-0.972,33762,-82,-15,-13.21,-1.79,0.100000000000009,92.6086866
92.1,-972,-0.972,33680,-82,-15,-13.21,-1.79,0.0999999999999943,92.6578573
92.2,-970,-0.97,33597,-83,-15,-13.371,-1.629,0.0999999999999943,92.7533284
92.3,-972,-0.972,33515,-82,-15,-13.21,-1.79,0.100000000000009,92.8603976
92.4,-972,-0.972,33433,-82,-15,-13.21,-1.79,0.0999999999999943,92.9842398
92.5,-970,-0.97,33350,-83,-15,-13.371,-1.629,0.100000000000009,93.1093111
92.6,-972,-0.972,33268,-82,-15,-13.21,-1.79,0.0999999999999943,93.2290148
92.7,-970,-0.97,33185,-83,-15,-13.371,-1.629,0.0999999999999943,93.2527053
92.8,-972,-0.972,33103,-82,-15,-13.21,-1.79,0.100000000000009,93.3631792
92.9,-972,-0.972,33021,-82,-15,-13.21,-1.79,0.0999999999999943,93.4635033
93,-970,-0.97,32938,-83,-15,-13.371,-1.629,0.100000000000009,93.5785498
93.1,-972,-0.972,32856,-82,-15,-13.21,-1.79,0.0999999999999943,93.6941459
93.2,-972,-0.972,32774,-82,-15,-13.21,-1.79,0.0999999999999943,93.7999896
93.3,-970,-0.97,32691,-83,-15,-13.371,-1.629,0.100000000000009,93.9219092
93.4,-973,-0.973,32610,-81,-15,-13.049,-1.951,0.0999999999999943,93.9612227
93.5,-969,-0.969,32526,-84,-15,-13.533,-1.467,0.100000000000009,94.0551407
93.6,-972,-0.972,32444,-82,-15,-13.21,-1.79,0.0999999999999943,94.1720508
93.7,-972,-0.972,32362,-82,-15,-13.21,-1.79,0.0999999999999943,94.3008446
93.8,-972,-0.972,32280,-82,-15,-13.21,-1.79,0.100000000000009,94.4188391
93.9,-970,-0.97,32197,-83,-15,-13.371,-1.629,0.0999999999999943,94.4627879
94,-972,-0.972,32115,-82,-15,-13.21,-1.79,0.100000000000009,94.5561628
94.1,-970,-0.97,32032,-83,-15,-13.371,-1.629,0.0999999999999943,94.6638694
94.2,-972,-0.972,31950,-82,-15,-13.21,-1.79,0.0999999999999943,94.783894
94.3,-972,-0.972,31868,-82,-15,-13.21,-1.79,0.100000000000009,94.9112487
94.4,-972,-0.972,31786,-82,-15,-13.21,-1.79,0.0999999999999943,95.0376018
94.5,-970,-0.97,31703,-83,-15,-13.371,-1.629,0.100000000000009,95.0594155
94.6,-972,-0.972,31621,-82,-15,-13.21,-1.79,0.0999999999999943,95.1599515
94.7,-970,-0.97,31538,-83,-15,-13.371,-1.629,0.0999999999999943,95.2712063
94.8,-972,-0.972,31456,-82,-15,-13.21,-1.79,0.100000000000009,95.3966441
94.9,-972,-0.972,31374,-82,-15,-13.21,-1.79,0.0999999999999943,95.5241116
95,-972,-0.972,31292,-82,-15,-13.21,-1.79,0.100000000000009,95.5560615
95.1,-970,-0.97,31209,-83,-15,-13.371,-1.629,0.0999999999999943,95.6650065
95.2,-970,-0.97,31126,-83,-15,-13.371,-1.629,0.0999999999999943,95.7631551
95.3,-972,-0.972,31044,-82,-15,-13.21,-1.79,0.100000000000009,95.8782813
95.4,-972,-0.972,30962,-82,-15,-13.21,-1.79,0.0999999999999943,95.9921821
95.5,-970,-0.97,30879,-83,-15,-13.371,-1.629,0.100000000000009,96.1063771
95.6,-972,-0.972,30797,-82,-15,-13.21,-1.79,0.0999999999999943,96.1527299
95.7,-970,-0.97,30714,-83,-15,-13.371,-1.629,0.0999999999999943,96.2611014
95.8,-972,-0.972,30632,-82,-15,-13.21,-1.79,0.100000000000009,96.355105
95.9,-972,-0.972,30550,-82,-15,-13.21,-1.79,0.0999999999999943,96.4644897
96,-972,-0.972,30468,-82,-15,-13.21,-1.79,0.100000000000009,96.5716545
96.1,-970,-0.97,30385,-83,-15,-13.371,-1.629,0.0999999999999943,96.6995051
96.2,-970,-0.97,30302,-83,-15,-13.371,-1.629,0.0999999999999943,96.8112839
96.3,-972,-0.972,30220,-82,-15,-13.21,-1.79,0.100000000000009,96.8562216
96.4,-972,-0.972,30138,-82,-15,-13.21,-1.79,0.0999999999999943,96.9664265
96.5,-970,-0.97,30055,-83,-15,-13.371,-1.629,0.100000000000009,97.0601509
96.6,-972,-0.972,29973,-82,-15,-13.21,-1.79,0.0999999999999943,97.1540561
96.7,-970,-0.97,29890,-83,-15,-13.371,-1.629,0.0999999999999943,97.2670083
96.8,-972,-0.972,29808,-82,-15,-13.21,-1.79,0.100000000000009,97.3922186
96.9,-972,-0.972,29726,-82,-15,-13.21,-1.79,0.0999999999999943,97.5062448
97,-972,-0.972,29644,-82,-15,-13.21,-1.79,0.100000000000009,97.6217574
97.1,-970,-0.97,29561,-83,-15,-13.371,-1.629,0.0999999999999943,97.6531253
97.2,-970,-0.97,29478,-83,-15,-13.371,-1.629,0.0999999999999943,97.7642769
97.3,-972,-0.972,29396,-82,-15,-13.21,-1.79,0.100000000000009,97.8596497
97.4,-972,-0.972,29314,-82,-15,-13.21,-1.79,0.0999999999999943,97.9540152
97.5,-970,-0.97,29231,-83,-15,-13.371,-1.629,0.100000000000009,98.0698888
97.6,-972,-0.972,29149,-82,-15,-13.21,-1.79,0.0999999999999943,98.1834542
97.7,-970,-0.97,29066,-83,-15,-13.371,-1.629,0.0999999999999943,98.2931419
97.8,-972,-0.972,28984,-82,-15,-13.21,-1.79,0.100000000000009,98.4060153
97.9,-972,-0.972,28902,-82,-15,-13.21,-1.79,0.0999999999999943,98.4531885
98,-972,-0.972,28820,-82,-15,-13.21,-1.79,0.100000000000009,98.5635339
98.1,-970,-0.97,28737,-83,-15,-13.371,-1.629,0.0999999999999943,98.6573311
98.2,-970,-0.97,28654,-83,-15,-13.371,-1.629,0.0999999999999943,98.7528113
98.3,-972,-0.972,28572,-82,-15,-13.21,-1.79,0.100000000000009,98.8635777
98.4,-972,-0.972,28490,-82,-15,-13.21,-1.79,0.0999999999999943,98.9690356
98.5,-972,-0.972,28408,-82,-15,-13.21,-1.79,0.100000000000009,99.0803033
98.6,-970,-0.97,28325,-83,-15,-13.371,-1.629,0.0999999999999943,99.2034127
98.7,-970,-0.97,28242,-83,-15,-13.371,-1.629,0.0999999999999943,99.3296097
98.8,-972,-0.972,28160,-82,-15,-13.21,-1.79,0.100000000000009,99.3544937
98.9,-972,-0.972,28078,-82,-15,-13.21,-1.79,0.0999999999999943,99.4629181
99,-972,-0.972,27996,-82,-15,-13.21,-1.79,0.100000000000009,99.5577749
99.1,-970,-0.97,27913,-83,-15,-13.371,-1.629,0.0999999999999943,99.6668456
99.2,-972,-0.972,27831,-82,-15,-13.21,-1.79,0.0999999999999943,99.7886134
99.3,-970,-0.97,27748,-83,-15,-13.371,-1.629,0.100000000000009,99.9165778
99.4,-972,-0.972,27666,-82,-15,-13.21,-1.79,0.0999999999999943,99.9520771
99.5,-972,-0.972,27584,-82,-15,-13.21,-1.79,0.100000000000009,100.0618978
